distance,weather,traffic,congestion,delay
1248.712332772615,0.18513292883861965,0.26170568373590597,0.672702994208898,23.256117095259498
2862.000057947765,0.5419009473783581,0.24697879907199982,0.7966813971913723,37.445884143029666
2249.583037071934,0.8729458358764083,0.9062545805210367,0.250467898792499,43.5923228221969
1876.2437557517026,0.7322248864095612,0.2495461998495061,0.6248740996069989,34.92945889110372
636.8521932388222,0.8065611478614497,0.271949726128631,0.5717459831437487,28.194009026352074
636.7846569413674,0.6587833667107174,0.7593982624179637,0.8328303767882711,34.68966758474706
362.6341140709585,0.6922765645178525,0.44973984245054,0.9060870604812605,29.156944765816576
2625.2932081698186,0.8491956515653193,0.7767105569551812,0.012156771477386807,38.37894752775363
1883.1220328809848,0.24966800885918594,0.06536615756438524,0.6740199190587927,21.34981448252346
2182.6032178289274,0.4894249636431405,0.4875711936733843,0.05183579911972902,28.84954823814577
257.63658402824683,0.22120944181960223,0.03361360018328263,0.5488586650773559,11.511915070026298
2915.747586053584,0.987668007996647,0.06265320345535452,0.2876327290436782,37.31628957657324
2530.839394241181,0.9440593396866133,0.906437453344411,0.3067765995221412,46.308219438932184
794.5495098991732,0.0394268113685059,0.13924537111759516,0.3529585034523566,11.596041761523415
709.1099081798818,0.7055751725156885,0.5324206822752171,0.6212924490496101,29.22202387594437
713.5326275896147,0.9252483174156658,0.41109560260070654,0.3340499656687692,33.13161900964663
1051.8782802867056,0.18057534512733353,0.3473433262588427,0.7326990505902804,19.40360466591219
1669.3180085702659,0.5679452305526295,0.8998333456872725,0.4045273855738697,35.74339822024564
1409.4460521979242,0.9154882975880418,0.0218233967754895,0.06835320030995862,23.434308786251034
1015.4415925545173,0.03394597858579884,0.6637896861755891,0.7837598424841072,22.5477669581922
1913.1881052226624,0.6974202672468399,0.9633944342135504,0.285758324592706,42.773470547136384
590.5828098257172,0.29734900737255077,0.5601681834618419,0.43276687959926263,22.661341921387766
1018.0050158986108,0.9243961953765304,0.9368224620330918,0.6854438832219015,46.44156897379513
1225.8131612223367,0.9710582451653678,0.05225787928602377,0.332456157148712,30.702945562064386
1476.9959558077005,0.9442664891134339,0.4187933190741614,0.056585656146715624,30.910726251826016
2398.492691900438,0.47421421665746377,0.26015779096205116,0.3739210470128136,28.456746678555255
759.0865900434072,0.8620426509893134,0.7308209649807298,0.9444485826943034,39.88268801342236
1639.8564275581125,0.8445493985350704,0.9812970904972467,0.6417343972985582,48.88822024701434
1858.7607928137188,0.31910047324325563,0.2565300624442478,0.6714791486672069,23.844978559416873
330.06115561599364,0.8289154741506773,0.6541746014740745,0.6322821536376398,36.15145119835925
1901.1255853240275,0.03700763471549262,0.19809763275974013,0.1989921389594368,16.993074242137997
677.4675463244163,0.596269878482053,0.5653302545716099,0.41833386410228013,31.635268164292267
382.1444603587827,0.23000883728770305,0.4639324866883362,0.7509397983633183,20.159911146247204
2856.8795043093332,0.12056688577727881,0.9720053296315371,0.10137289755315915,33.71418847625721
2903.769692608766,0.07695320162920916,0.6085272726964666,0.27785277608971226,32.52765302004982
2463.5125747260913,0.6962887758781398,0.3495063720868188,0.2763191084658536,33.01384170328667
1052.918553685438,0.33987496376806614,0.11409578488793337,0.432018927594506,15.023637597987854
473.48191921787486,0.7247667715287615,0.15124682873493456,0.9803687409421851,25.175114799294946
2115.8524742340396,0.06535634079894237,0.2253169299512351,0.06750254668382194,17.366592660978455
1432.4269824708836,0.31529033783061033,0.250966661340298,0.518700994380595,18.653151116759876
541.7070575653806,0.5394912923753372,0.8506160578411378,0.17936468201221045,27.30661071719697
1586.4953483115564,0.7907231648389635,0.5612227882825249,0.9706765454097441,42.74667369075029
296.2878591226115,0.3187525029320699,0.5233909113743664,0.1133035047274642,17.210739145804425
2746.0971258205896,0.6258913764370091,0.11476887186921747,0.40360100236159124,32.85674598786565
924.5839484800474,0.8859777482361871,0.860139693349435,0.7378849848346062,43.06799966731327
2055.0623961911497,0.6158631881823046,0.7228143032084837,0.7045544280274453,43.038066199630336
1072.7910130503506,0.23295947475363377,0.06766836190000158,0.42272863689393225,13.360823596286183
1656.1904592978703,0.02440078155653802,0.7078350972297687,0.34652416795271823,21.497745788676763
1730.788782161183,0.8700988739009299,0.5435382173426461,0.39761237855287057,36.63979954395126
717.5924754714757,0.021269410850387138,0.08172534574677826,0.2642762631586393,9.542377035878408
2914.836957740764,0.8747016726841994,0.45830064152865646,0.2053329387067998,42.79685442917578
2370.3719054111207,0.528937134027212,0.484696287130047,0.48303969755889,35.43389412877646
2830.5970363797296,0.9390676985128962,0.16577454016327575,0.2685337560676073,40.47328214906164
2705.5165811974166,0.7987832357736654,0.9456981470002823,0.2874616648972501,44.207254740684355
1874.1199406710384,0.9979341105333375,0.8499753714806619,0.6567560634745571,51.98092134407971
2781.247858064727,0.35071181545171015,0.6690223373291083,0.9685373316998922,43.6876612197179
447.7790057453746,0.7671882889311269,0.4622955610006072,0.6036372005593751,32.024710222443765
748.7520147736066,0.40193091360924216,0.4117655415845085,0.07697946706496628,22.29225395801229
326.6364089495066,0.47987562030390885,0.6509734671509542,0.07558361385406698,18.437886181275147
1110.9249261371401,0.6275054632183701,0.5454318694069055,0.951423220845566,34.75154787208704
1288.2964111305496,0.8736771141863388,0.062273105881885615,0.29729079030733363,26.351421909317242
959.7772889669086,0.9840834691992951,0.5125026487703317,0.09206698608247543,34.53172406871486
2520.465025625402,0.7682734138645182,0.8064036172328395,0.5990445871503816,43.95401205620949
1198.90931474205,0.41776678216733376,0.45923987759695806,0.6236487782902661,28.989958462588927
986.6166271246661,0.4213570022770702,0.05195657755426841,0.6485048201186882,23.36569233365907
1719.5490328430958,0.7375823015888915,0.7862781993840331,0.2674020278575413,39.207990265497216
594.5878299293354,0.23877714576830233,0.2013637821359744,0.015110684214475034,11.487547686520092
2446.1515461113113,0.11047411313139466,0.2586208348880388,0.9650153694544719,25.993959529248247
408.7418023033583,0.35462215764077654,0.1647063534322959,0.2508930456911025,12.421975990477058
2963.2834224814483,0.28723899165408173,0.33021506487149754,0.6760262880525475,34.77392360968015
2362.285354030641,0.2963081204559901,0.756751505688635,0.7066298698787096,37.71385847120029
756.4039082956828,0.23360775104990994,0.5193858595039373,0.6100074170794857,22.266997587075444
215.46192794608672,0.04209318963636188,0.20488127415071256,0.3129073942136482,7.285647395323061
2483.2919996735354,0.01787393473341381,0.8778300781520408,0.27109625376406576,24.60073665673447
2179.200562773328,0.9877223897360315,0.8795818549515292,0.5976682827027031,47.67915642251836
2241.2200705147643,0.42777313373586234,0.8705784250460069,0.8660956336116915,45.30403391337753
2359.556970720648,0.3843266471596817,0.23879621138153928,0.9467337289233956,29.972687114748986
407.325024855453,0.6796472826930698,0.4512393441809881,0.10590580440375763,23.836178627333222
1203.7040399239634,0.21825388786506417,0.9849896561408751,0.15482861259771985,28.72161687140182
524.4333666703632,0.9499611839502253,0.7720124763099904,0.9447362587830797,40.13909490883239
2616.689592451662,0.786345014415552,0.027167421225559818,0.7365352283347926,36.95263280186284
1945.2347551171622,0.08941100231225951,0.06520459126049205,0.8829938248297731,23.198232014057425
1126.5144695874178,0.41758077578492836,0.46393137681233276,0.20263263413534316,22.994483500988583
377.96338080086616,0.8791183075621647,0.9092202058615602,0.5875858711094019,44.72315096559858
1070.7505008038543,0.9447320222914103,0.5387017979527142,0.7011395944174736,36.00311734555653
1110.5133016748919,0.4674015112498697,0.4978125080342902,0.6801118854469727,31.286360268123694
2242.8972993465795,0.6134113892107077,0.10547369995663058,0.4081516908666981,28.800733214170563
1985.1609197945968,0.16703394609207523,0.656780104724294,0.015394891691308477,24.815974318265333
2684.1956792137144,0.9911686261369765,0.8221031606002255,0.5829260568042631,52.287773199252605
1522.201790453458,0.2316717013834434,0.38042000750756233,0.25310153917960876,19.015446090125685
534.8638886272447,0.9427317741351257,0.7756118509253275,0.45025424614289034,38.123667936066234
2197.085404224386,0.6496466489923685,0.9644766539008116,0.9575810150838173,44.30551705752307
2330.198136127313,0.6077367948788591,0.2037664591276891,0.3990353176424347,32.05907164269622
1771.5761531945896,0.5126885110165086,0.5233296311947413,0.8398016066644267,35.955928452849555
2358.7081038727706,0.2306698117177587,0.28713795808457554,0.18854060574925113,23.876732519766374
1582.6276698202942,0.17652803200550826,0.7928544190338394,0.6724604980250288,32.17735690514381
1663.6519222695833,0.22048620907017535,0.5775933658811575,0.9770069544389435,31.897193505777647
1397.114851403939,0.18643826214425452,0.6345824175503038,0.10189310087293679,21.548185611485263
271.1735548834665,0.7795844735667533,0.7979141596158941,0.008319942227192012,27.237332388940146
502.09599558125245,0.3501252591667301,0.3959704726624549,0.43358279263261434,18.36392865020573
288.0017199228559,0.05784267656339637,0.9150900684070432,0.0926254830513672,19.622937227856188
1981.949151538585,0.9691026301408113,0.53302886724614,0.7483843496762314,47.64374567737552
1080.1967470137147,0.8837858849634257,0.157954822835348,0.9145486638485589,34.11528954272879
1623.9979352611679,0.927752283195213,0.6958991181688025,0.43402097270875883,41.54573733433628
2741.1861269930605,0.9949078226464353,0.7932613504382544,0.25871164215544096,46.280895016034705
898.0182416168499,0.1738952492194873,0.31676167706752667,0.4344033190066098,19.408968229087883
1349.0721844997634,0.39624201890265875,0.857179256998753,0.723447817850001,36.093201981416854
2315.543187920536,0.7582384757040913,0.9061432547657664,0.009054161580370979,44.30761076390221
840.6348633765429,0.6960206180537922,0.2769044873778089,0.5894539894846972,26.415047729113187
415.5437475206204,0.15389590633985506,0.9835214727152221,0.6132916848873791,25.28536000596589
1011.3040681585504,0.8158331249906178,0.14071152804875842,0.6376882468959355,30.323630075346983
651.4196043112124,0.22444057183666066,0.20201566840248997,0.2420220799808772,14.489344359586939
2803.1534265592045,0.22381761482262308,0.18422483923802613,0.7140527233781268,27.964683976504876
2462.7370627803675,0.5369744228934136,0.8939897100078704,0.0913914863317764,35.63101210429853
1973.5305182291856,0.5929399348417032,0.6542925523249619,0.1992703364668008,35.29635799536957
2640.0896525256094,0.5800862078378112,0.15210428322227287,0.8774700466544819,37.30070785935435
2450.2818153175203,0.09148683739775487,0.440323418368349,0.7387231507265664,26.240680406206152
722.3961648809003,0.8774608626303804,0.615298025069802,0.013745554011345251,33.239009595383585
2699.1651957719378,0.26560004258870606,0.08346408498938329,0.2483762603698002,24.883948127565766
1710.158277363822,0.12951492128280417,0.8824163684073387,0.21440648299316456,26.789993163012504
2460.8324344593752,0.8887480798689772,0.8036035354415352,0.2708063280369726,45.00043580642125
2709.055639785781,0.9556514982297534,0.5052067735766382,0.2475597702798864,43.82012301220422
1090.409729921219,0.8621276172654506,0.9671266152591704,0.06252629574284574,36.1033570407186
508.1453886774949,0.8095160747248781,0.4177609792750997,0.45894051659682034,29.6469312513079
838.2184551174367,0.6552419806390217,0.9841103190364978,0.7327334747861651,35.08015433255837
1395.9018081535178,0.5508573706091393,0.6679199988036271,0.6067317247174364,35.83568497318502
2490.441344582981,0.08698675991141014,0.6346712732539415,0.6728716685980798,27.31774126104931
2610.0456331177616,0.4084532130706987,0.165954895295785,0.08114917853623915,27.526947298659948
219.46596548733396,0.372688517012314,0.881927758304644,0.9514907101767872,30.634683456087583
1630.0924472171841,0.2597537837603262,0.42748968792061515,0.8384918338430248,27.719467604669568
1368.7508088165812,0.7234201136885849,0.16223340578247936,0.8050903184956627,30.54109277737941
821.9018693180446,0.4958757350787708,0.01260751997575904,0.8229838050417675,21.869897150375547
535.6230285343119,0.08104621590764793,0.5597556836383826,0.9327105081327614,24.859542487023944
1145.3224799301584,0.22018320194981134,0.5273996221226763,0.5442539661136977,18.508193118553983
2840.1471709550538,0.6832587636595959,0.7193536223691586,0.2002820178676259,43.2129664143572
1104.9682096581146,0.07613085949030018,0.8902580530178021,0.6167836078525412,27.245212074092436
1652.613740881425,0.8512069140487687,0.07940658464302952,0.742881493667939,31.493077395992902
2168.4530849064977,0.4951465270139743,0.7314964903403623,0.7379173933540254,36.94619246735919
1218.162886662023,0.480586577326648,0.18741194409758222,0.5214490241668801,27.08100143739202
2920.98983161869,0.5924077846595176,0.858177053157164,0.06845871933357806,38.119334082091584
2894.8524258379116,0.8246809659251492,0.8190635138616561,0.3711129384301278,44.658262518726744
904.9904283110196,0.34780920790219305,0.5407937549855444,0.9207666084633573,31.075337793745152
1592.2958164986792,0.6780161525590636,0.7102427986233115,0.584448909757426,38.69703896317043
1042.459267486955,0.5657319639957911,0.3143501131837484,0.5383319432557134,24.749655594591157
997.5533842569093,0.2670282701694213,0.47116789893281463,0.2688535143821935,20.517635903296366
303.28345259269184,0.878629986355158,0.8216368977104717,0.3684489199165789,33.04655428760893
1906.780135143711,0.7974260216069281,0.4592651971732139,0.8953460891531693,43.52650275383223
1607.501265040812,0.6584518346584255,0.3577982653254418,0.6664630475268357,35.36088940326883
344.1405034999702,0.8505817290942419,0.4942124472502999,0.7873870267523329,35.083406473306404
980.210099862512,0.8672942009598024,0.8282492524372184,0.45434542306765513,39.93744965823747
2743.1444807066305,0.7083629767150348,0.33520804737087273,0.6302472194561579,42.73595109269326
870.7732938675227,0.837013328363672,0.1737615931357438,0.24838360874320753,26.18376567585574
605.7056418554247,0.6974714616692836,0.7120140203307808,0.7054608302834863,32.349027799617765
1570.4677287771765,0.6801407717603004,0.8259782127080818,0.4276013337033373,39.01978843241111
2959.821271509682,0.6186113782151843,0.10063747852353333,0.4425455148147456,37.27844534692678
877.7547602322012,0.7527166395576412,0.23987411275594472,0.6493223245768817,27.504922543050114
2081.97953273646,0.1586051052930737,0.1419719897609939,0.9362806214689267,24.351460297259976
2332.5349229204094,0.8808707591989284,0.3479414115821666,0.06400634660862092,35.97216651460223
865.385123178719,0.871843527745232,0.45035097890541265,0.8247432373470076,36.65868352983802
2239.0057761132066,0.029247283034559146,0.7488263369633065,0.2923831104121931,23.971593539074117
1229.792771613909,0.8258167505647627,0.6511475848816741,0.4439194545063778,39.11542290011463
1970.4563256620224,0.1288698674734452,0.6209285674784312,0.021913328775008956,26.60282222174009
1973.8831901305052,0.3351188542591419,0.3523749466096544,0.30104607783431303,25.260140931371126
1700.1691154093237,0.7435082562916078,0.8414475530847599,0.5026312426301305,39.210899845979476
452.81135615234325,0.1607598960483082,0.47128716739816456,0.05617607734743901,10.01240193606779
2538.846987649866,0.8179670241190622,0.9791049380151545,0.49109572938316515,49.167058747131904
1098.1841819208603,0.8321341779577419,0.6341421382957368,0.9271106288584273,43.12459751841198
722.2518291195919,0.5074677337608362,0.12626474156450274,0.10539321810780522,17.65885261835104
314.17039635333896,0.00638587171683358,0.676177562075434,0.7644407280755043,19.48083244615221
1854.5002409270771,0.2870381331749128,0.325104015431699,0.40967105337599263,22.80799132979044
2097.180213158391,0.6169269183757422,0.6863271966860974,0.655173714524338,37.48675726340546
246.44592099799723,0.9811861780274235,0.06964114816240574,0.26023659798522936,26.1724390204766
1633.8605632379868,0.6318135270166684,0.1748814371759594,0.1594922625413583,26.851260782347445
834.1881705542263,0.2598035810641598,0.8557372589057863,0.16046261427122643,20.716237926971917
2006.4838131464596,0.6340057030996114,0.2271795570235149,0.07049194564314465,30.004823895870064
688.226001213976,0.5399853797158555,0.83704112524294,0.18564670490124302,29.801063969831525
2134.625666686905,0.7798453951511436,0.27927608845441043,0.6642193849889683,39.90056070345482
1282.8589696415047,0.10698063882695841,0.6428819100587077,0.881690611843508,24.329786897092156
2822.8439684628565,0.761027902502028,0.694150573509831,0.8141256855911618,45.15664504008305
585.058643608781,0.5412665786761103,0.5126547531450529,0.6851343098744841,27.99385056795215
1154.9857829407238,0.9629920038589946,0.3053106766967313,0.11043186341110267,31.724316630235897
517.7258594736494,0.3418721660386861,0.21264437637109612,0.28918744629594983,19.100334372521836
2789.142131179976,0.6326218931339481,0.03318935456242622,0.309806875322469,31.60621541787019
2656.550189466747,0.9320281055100175,0.3039464012407238,0.24995694639762123,38.496715986497094
922.2365576024357,0.10250972799067926,0.653162790531283,0.5150056597097231,19.556137387560458
2047.9553288957013,0.9372284872364511,0.9383048184484827,0.5355538148796726,50.87445796016979
2488.2221605634045,0.6878857223008134,0.871204482263052,0.3568859751711102,40.90634138298874
1754.5622724784946,0.0678370591051719,0.7660647765353026,0.353789158736436,28.415352889434455
1683.021619396818,0.30096356694681625,0.7884473432532987,0.8285555979060814,33.9778762645677
877.1864145212647,0.7081720886452816,0.6649849034759953,0.7892928483196856,39.59824002608444
460.68774985651777,0.0673506014687717,0.260286857566003,0.30779583168074565,11.990574539074082
2712.204122269315,0.5821704601762733,0.9071950307058299,0.9137884438732593,47.67624873530716
2721.1705600573255,0.34588305695295674,0.670732311905834,0.952815017002506,39.07385604430608
1972.6840803651503,0.6209155177674771,0.56044063098044,0.32674254203004083,33.27394988749014
1149.2834149363619,0.04574203381251285,0.11098946921348107,0.35442494879305486,12.726982661815306
1177.7868089154504,0.8715368061523763,0.4470555438064254,0.5056341534219588,35.236157851376184
2232.6759008366703,0.9734889691773969,0.4603582712019263,0.9411208125336735,45.76211826495951
2711.908727867216,0.9688778552856915,0.86456360952267,0.8763194331423115,54.33748639867781
2683.8419879423286,0.7496518317429247,0.5466482201877885,0.1025679625835898,37.794803562661166
2383.6515284013467,0.13008624013063197,0.38040054897040965,0.3927307432714162,19.895829923060056
1997.6886092320058,0.7582631959290226,0.9768003285106593,0.5533711897497718,46.25576001947548
435.5919019861367,0.02458691645880151,0.11072059332631567,0.50313247255154,7.402389015083235
652.5603994649185,0.022123551528997254,0.4225484283119446,0.19386306793689267,9.675465325541143
2715.9517278758217,0.32361021914954125,0.04202467517140529,0.8588167711681547,25.89581216740114
1898.0013670468518,0.48864319040466575,0.7399041207669304,0.6769407829968374,33.54305528906412
225.75174452656302,0.7704074178077932,0.9180765521991506,0.8379083748518036,35.9762441040694
484.1203200248899,0.6832953766065052,0.28003732955048943,0.8587642793494722,27.456669953745635
2057.804953502556,0.44590270637674834,0.8583416767991209,0.7483558536657398,43.4722808587451
214.17243476941232,0.2736266662816659,0.29221823046189777,0.43921060124971734,14.267015617115613
650.2625439689962,0.9971245001577111,0.9107701616439152,0.6105467550154245,43.31632291034824
1736.4546102264412,0.42618130223597295,0.7539619035967839,0.16036540611974315,30.919944484013513
2137.306553539541,0.4513870243296755,0.8049067768414386,0.6736454174749077,38.78645945409357
2025.4915266072815,0.16362382119166918,0.0180065556004545,0.17925325573928075,15.307678026817428
827.9540664895674,0.7948095487499294,0.962810357074026,0.6939495905101568,39.027025041459886
2194.1018197731005,0.6936822257814886,0.7266709920703233,0.22959816075396866,40.94205519964824
864.2974449910402,0.2207696127887604,0.3047510953861333,0.11755130015021997,18.09805220030038
1111.1191548459497,0.0823810456158427,0.8293946648588469,0.16528449014295743,17.93166417261351
2290.1759343304675,0.6804993020747131,0.28152119841492995,0.001992135219070268,27.255547859788493
2018.9721173322012,0.6545112142811352,0.872753839566128,0.7187396178535302,42.90416795955692
2577.825549383698,0.2732595269982093,0.11258039041193701,0.7324010490583791,25.437959043825145
2041.3160984409615,0.9508635622504104,0.7036859774607958,0.5149333499132595,45.94040600516928
1791.2640893393204,0.15105789178090023,0.5406984766449103,0.1613628010553837,20.245039037728873
462.28934991865896,0.4323348010426019,0.09653447019544081,0.08355433751068975,17.57181533409705
1229.6042485664138,0.9436159201675989,0.24189382825883898,0.01912896643728701,31.221133923126693
942.5666295088313,0.4197273169261223,0.01240403627731479,0.1657481769652207,15.37606986114296
883.171001461434,0.6385259476640855,0.46876796546450583,0.8908555349831467,35.180421319027396
2924.4295533068475,0.3975943979627943,0.3012652607600004,0.24153684170168177,31.720183902921566
1300.6736290669292,0.27421520234867003,0.5983574842977588,0.35427132721721566,23.3778527528301
2697.7303544959173,0.9839776479598282,0.2972378077086172,0.10534548448133318,37.04779220303481
1967.188152792336,0.409334006315043,0.2999191115069847,0.22236130474817029,24.90130673628831
2425.4716499166157,0.8940992036791344,0.7431931987316034,0.5192245707802051,48.07275826093776
1607.3838606945378,0.22995460589108618,0.04814283597835345,0.6077526830956526,19.713801589233075
1815.3308769538055,0.2131047040250833,0.9028949951919872,0.24535231416621106,26.181703570430617
1579.049542692819,0.03113408288451136,0.8522638743911815,0.05773215922511721,20.273560191371534
746.6803658345247,0.651666825375885,0.6678046832264065,0.39103286912739865,30.54619154917165
2222.865922732215,0.36852634372376114,0.5932215701073843,0.23420337092633414,29.57388254035874
986.1626148343962,0.864358249839637,0.8923024981396522,0.21955392322980194,41.74313912893714
268.0847060080707,0.47320990669155716,0.18533017952871444,0.9598628027134553,20.41122649913877
2007.32242854007,0.9681934279147217,0.07896916219082861,0.6163004859257241,37.7592014767862
695.9099023397371,0.18552551570312115,0.2395101699095381,0.5568784431720959,19.32972302278172
2833.28403618816,0.8686231679556108,0.7945782787001903,0.4157751035233219,52.15820824663468
2871.0000156072447,0.7765968527917417,0.03467026672648332,0.42894433343014426,33.887639622701826
2761.620292617256,0.770921844644052,0.5828068350834896,0.5409050038380808,44.360549826040874
1236.4443607152443,0.8447832281168877,0.9954375161913099,0.6964298070361072,46.113267893541995
243.2785262808288,0.7610239909429989,0.8556960938375394,0.7021460961818294,36.684738282752086
2799.291975245631,0.6262203216314154,0.5214456890435895,0.17169390770544957,35.861800319086186
1398.91561528848,0.13124487768238757,0.06364090928664234,0.500112752076627,16.44716756915615
2906.6334933222747,0.032526179491251916,0.8313735143857098,0.41195809503410197,26.709382552123706
2898.135935849908,0.9208478478156868,0.5989785081772105,0.8705269662693842,51.96172290104054
2588.426475308608,0.616650314520738,0.11493299705956683,0.6314189212183764,33.565678642359
1024.45689779484,0.7965372909761763,0.0938572848233562,0.5325040664159818,27.340980451451355
1278.2736400853908,0.4815223515125501,0.9096268194365924,0.11539464217891737,34.913888335455134
2583.182680247199,0.11730818896239448,0.6692002629380784,0.6056378893234114,30.006591980208075
1087.3816144375774,0.12518579220255044,0.8292867993167555,0.11720390568023342,20.7458129846625
674.579690721059,0.6855652872289714,0.8789789002822673,0.33720657556575206,37.624060062485725
1759.0435348833805,0.4303058948994627,0.5717723520483222,0.14284196481433187,25.742217891574594
2821.2333676501867,0.20052472670033672,0.5174463517550413,0.6920736470243689,31.698862552953898
2148.8834306899244,0.4915945467414369,0.4304274103209902,0.2062521138361526,28.801189534593036
1796.1712762502218,0.06420893707513409,0.3169465877911193,0.391859373188026,20.61929663575994
472.0941825581519,0.5819714019143988,0.43459596085871177,0.8956747776187787,29.891191154853825
1922.0202347576753,0.26899340443509767,0.7738796557301564,0.2043163833989703,26.056077238127855
2972.1507802919373,0.7975591006371882,0.6019234310151316,0.5078050639587791,43.85450089276384
592.2352426622673,0.31036195892357377,0.8925232899548461,0.419271661166022,25.534272486341298
1651.3230266184628,0.4552201490818012,0.4433800143791877,0.018124041045729733,24.038516650427358
2656.6446013982754,0.011620539908100636,0.607089578718754,0.7927581135728128,31.401245938922482
2274.1521297117724,0.07244688779455888,0.6313075530919887,0.06904590631459973,23.81618227575181
2151.64407478675,0.3924935564066848,0.5916971623063255,0.4742550209769536,28.674075638335058
2166.9554351639063,0.4799388347171235,0.7026337730855163,0.5606782949389499,38.70772539095596
1206.5752234153144,0.6000205481193037,0.23743346837480628,0.6284264566145871,28.38419136322386
1022.0571639405814,0.29166257870930323,0.5123637775457907,0.6886316293078756,28.2843744453424
2466.211235339838,0.6949818861265425,0.10422480280834767,0.2532723835227151,31.21518643116375
2468.317505101706,0.8601223971892046,0.38451132764481255,0.009978776658449373,37.61413906602082
2627.80249202429,0.7798509888933498,0.4876670686212644,0.723443662354912,44.218565513756786
2757.0735471581197,0.039618825348357145,0.6522242595454725,0.5356565993475786,32.41012564182111
1631.7587168106259,0.48050694725782894,0.9505310525862035,0.8361177032072488,41.4325766221108
1604.2456251241588,0.10493017841817487,0.6006510665483559,0.8213883629006943,27.147650828330764
2435.2265011069703,0.24204501586252747,0.7435939161765598,0.8433261677878832,41.149072684206395
2019.8990061777424,0.9866625932671464,0.5062660594952028,0.48509465997954015,44.05575863301486
2165.5072563215695,0.14249554290151323,0.6341040313763313,0.33362839583686565,27.672780410660565
2428.219474421083,0.49888815345135606,0.07093221613377343,0.79155820259137,28.545816875976165
2692.014957089186,0.6181557343181191,0.254391580841847,0.45129411302925493,31.575389079801496
1146.3864391843003,0.702464970544104,0.3618530932051387,0.1834421964034345,27.62888093319871
1251.6322673918432,0.5596486834869141,0.47249335500651357,0.8549740195614743,33.37931792294643
463.1494315544332,0.00977084741918366,0.045648745502383736,0.8825598767723473,10.793248926398437
1819.1843947892871,0.3264613082439919,0.14002409755331768,0.4663097561401701,22.670572562751858
300.63836663087784,0.5177116433847114,0.2768143077913058,0.07569972730978747,19.943890446903268
1503.6744507708884,0.08786649914483335,0.9715326909010507,0.38782608991693124,29.11775844853678
1719.4049771812145,0.35062693120918076,0.33134700710305076,0.8035376594626034,26.333128191756007
1002.3155059591963,0.033203108791366565,0.48204105811208253,0.9017740285462287,21.70097820848095
1854.33312959323,0.07857849715502074,0.19609771273839294,0.20347274249759584,14.209495745413298
285.4006998293384,0.39692327620159606,0.6107800710757683,0.06697361202527152,18.421506376750727
304.5749284978004,0.13271575404306035,0.2806832155159743,0.8773504531328387,16.333711156158927
2503.281569847043,0.5675408482615582,0.20699257843842678,0.3894049389788753,29.91087171562352
1208.5337959515361,0.6894649691372657,0.5165726284459791,0.5417609642675633,30.48789668792152
555.7694354252774,0.8005866991090829,0.005505799160420821,0.9680658120507589,28.29851690418556
1662.2811281534523,0.2001502442448101,0.0076640326492253275,0.06656472791422285,11.973803020849452
2355.9819486761103,0.16748258225906976,0.21906880910185778,0.6483180074520956,19.03987621960623
804.2988769911609,0.10456784033440025,0.03672136250082114,0.07410542257486707,11.510669903908124
1944.0933322932008,0.6364302495436367,0.10802575413069138,0.3754689284665004,30.001686557397456
438.9729019825504,0.7064757264869012,0.3388606493387516,0.8038145451934468,28.692832781816527
344.70881927210155,0.03158614482564204,0.8025856795798129,0.4334722327556344,18.76641261360808
1687.7929683908144,0.9362122462436898,0.5720486433693008,0.9971823539029504,43.37245426176176
1713.7783405082982,0.05197128365147241,0.5126677259564164,0.5590592849466022,26.28037187000494
1984.8037241949783,0.5412963353010705,0.29348882320812164,0.3211621526359535,32.158476591023884
2233.055734423452,0.7090605194509164,0.9317537194328164,0.22011132590475313,41.837295568168415
2932.385822495097,0.8709691237460856,0.39701504123719167,0.3505205342861618,43.58880383718738
1645.640975243347,0.7140869321324278,0.08709276679577149,0.3725332737595508,27.89224131626522
1104.2781242354886,0.8017280830697918,0.6170665161178013,0.06871367772396098,28.825635923828045
2426.52134535237,0.33945019254280606,0.11383839347660141,0.36957419942677316,23.50128173610741
958.3303035338079,0.8148251137465122,0.3452231428016921,0.4642385197392249,31.172742065560826
1429.119977975781,0.08011484638467514,0.5074119387178089,0.7227377522388047,22.677357983240697
419.6778677583447,0.8948166560605276,0.8742225246851758,0.656729484721608,39.238048622625925
270.98208156328104,0.5475923761537362,0.49354658034011867,0.7087656552291542,26.61481407326622
2895.41556109819,0.8172977699624937,0.7022587660316643,0.008363681876857099,41.278794518253434
2540.7443374341765,0.45231828451830014,0.9928168389990704,0.21766739958053605,38.923530939323264
2148.727777062354,0.643577695196525,0.13148911989798162,0.6616842883998565,30.08316233891736
1345.0682443599558,0.5264026609361132,0.2747315255195195,0.48398936817974714,24.780228706856434
685.2240961983682,0.7315895217553319,0.3945760755976464,0.005313475668345946,21.460518275346697
638.0237194790409,0.08162998203058958,0.42182817853883137,0.8044946424318223,21.15071843978009
900.6801148608669,0.0603520839905638,0.41102107526554577,0.7728095732903374,15.392560232321522
1737.8346611771374,0.24710323401014644,0.9076110025565549,0.5484191629935626,35.03677534100641
2200.8685835601746,0.15954468011318834,0.7140326444668564,0.06646332577627212,28.343058239355894
2048.5526548096477,0.8717835665922017,0.6079052140907037,0.7665150495325846,43.85780213861343
983.8149114486399,0.21921398735804432,0.3093727178627821,0.583713587731364,14.574806774004857
2873.6227858569437,0.9758652558191313,0.8237903842212947,0.7819599771579592,53.33925345663177
2266.111366748152,0.33689579177110685,0.9550605114849889,0.7517469923958404,39.7834819428185
1752.1913470319219,0.18211791568869928,0.8211982825502265,0.8030020719578371,30.730113566907537
1912.8180894561863,0.7896985071424791,0.0015651051914729042,0.5180080664046248,29.53118104443237
1374.8801747978118,0.6587077755008761,0.636401370183407,0.140324518193515,34.05821251641954
893.6467706032408,0.498195716453139,0.051135381442100725,0.6711574733796887,23.24060796211086
1196.7235002235325,0.5553635509376312,0.25760722033372185,0.6204737850519706,25.31060644663962
2321.9691093002334,0.7192017782722638,0.059524700347771686,0.7422531871990872,31.114085149963028
240.30176816331644,0.22845474133129873,0.6037954529493877,0.1698810060507353,15.872310886971182
525.0033934193655,0.9963339160567419,0.6865899134926068,0.19497519990028922,34.37338243092278
328.80739766090767,0.9747931621467831,0.11448763806590512,0.8904095172193285,32.753708349148695
314.04064649311636,0.6503256863469369,0.3838388830449795,0.7499777984520708,26.763444764464403
2595.2896352308203,0.19954245092914513,0.456236508955542,0.9082284887003229,33.91612886679708
2170.2420062640663,0.6802282424312913,0.3690530217609166,0.7587153211639207,41.449031498119574
1527.6867214445106,0.07219840897917584,0.12102500048519305,0.5971553059903019,18.50033189887551
473.9356498228041,0.030652502205806065,0.4189477901874754,0.6541327370278737,15.712095501659464
1576.5244503271306,0.2576828885112137,0.7511780478084181,0.88912792394001,32.8289290362797
1525.7209581855839,0.4626229567393163,0.07100766453325547,0.5788067545119405,23.020900170472736
684.9652357480425,0.8682725054083805,0.08018001408190345,0.6323913243283874,30.678171566324536
1414.7846178663244,0.727169069766308,0.3547712918359842,0.15647671600360058,27.249014130330945
1315.8132563126455,0.742706521199981,0.941725711618925,0.4739212201161027,40.38873999900772
1924.380274546206,0.42549333444807536,0.668572646722914,0.716397111958099,35.42672468587941
1978.2622224294025,0.3459349925469629,0.6786699566725648,0.2709426983163654,28.69591891071533
326.8512273617247,0.3710387629846027,0.36191999083786497,0.20225418052453492,13.7614419685458
1248.9153209541194,0.9876495637360578,0.5936607912085384,0.31382680822441555,38.68669683709932
1952.4077639998618,0.04010919141248248,0.010131184027743378,0.24150062799283345,13.009188744882678
1608.7815240242455,0.8670314961224486,0.6360960464095422,0.21491263703639585,38.07558554795043
2598.1715553273025,0.5786754085723934,0.9132869475762367,0.42485084286808694,41.44497797753047
2044.342168533046,0.43861541918959046,0.6125734683448192,0.9078385138835341,39.702648988090765
656.2163958280031,0.7252576604151365,0.873698593466345,0.5070596467387183,34.20876299440141
397.5924927212036,0.48666894142470285,0.7239730554660938,0.18792038081532303,27.8842215002805
1998.7739789776838,0.8734232380816606,0.12055841640369025,0.07697166938087407,26.5451545767292
274.23166951654105,0.9007018640112585,0.9024533072858417,0.6961561451379252,40.753096817588535
1840.1716275656972,0.4217209268734554,0.06644384435577488,0.38279876443638783,23.410783350051343
2832.6446759898813,0.2768277972350516,0.5339674725477638,0.8218309465853593,34.33648674283872
1811.327698052461,0.5923503285933622,0.14213712379345766,0.6595107686407702,30.47959748116114
1286.8757933782613,0.912363345616691,0.011706610730904066,0.7962414505413685,35.378696885122686
2001.207011638589,0.21066218900566658,0.422034260127639,0.27194603941844875,18.835615455697223
1483.1080933762466,0.6229665835634828,0.29504070765415624,0.6923589224610581,32.22956159255544
1727.7270100846179,0.6315602200925206,0.486000493797603,0.2640619846937188,26.21392506551458
2836.1014645742703,0.733113022415281,0.5771998867345508,0.9390684794502916,44.960121259651736
1281.0873858421678,0.1315676851272598,0.04373907230894736,0.6363742815333744,19.314952261525878
2891.33357870696,0.7158249646820886,0.12300329512374564,0.3245118001753421,32.69977054900207
2734.9817974769785,0.909032520665641,0.5586423964504253,0.26951186229227264,40.58255404155888
748.21517741003,0.17968310887024197,0.34316735317265823,0.1909265850716435,13.995638754791935
394.2116424504633,0.23754332492387764,0.729173487549448,0.6946409588937278,28.741749289235976
482.1784038567946,0.9713950940416396,0.6522916485919397,0.2187156129979273,30.146960264563084
251.02111182433924,0.18097695270948977,0.8456043629899068,0.5953032659274891,21.409122894156294
464.4402901165995,0.8543850933695791,0.6924928266692253,0.26463502692535734,35.43850935362579
2112.418965565799,0.4922778564480348,0.42993107739014813,0.6619689447938686,37.19171225265606
399.3282156886412,0.24723107440317704,0.6729666223944324,0.8149397285405392,24.978296739248055
1093.1317648225317,0.8707499012725114,0.2753811742554185,0.7780252431446532,32.31352148978741
2565.6508707144726,0.4453052550026655,0.3063134987782127,0.7608513309307817,38.129262248225
265.1614200603124,0.5148173539296902,0.7889851599207933,0.18772240569225207,28.523040418128183
2480.51175124902,0.3592333693997657,0.4464195164015822,0.08838494698451871,28.5252623356338
989.1933693655199,0.5929508514349274,0.7983803405183525,0.6989488284873856,34.145372570300445
530.8615173406375,0.16352387258502277,0.8224223736682784,0.3683472137943513,21.846534099695262
2150.864063019622,0.3910815366517607,0.8575623376612838,0.4323462264033473,35.44212821499639
1961.0399709836752,0.9694123223352875,0.9166352358412073,0.031149092793391064,43.916168376407306
2656.9216378757483,0.25813343270112754,0.43098522051329624,0.2595764492750492,30.4098225201139
2258.1989226508804,0.6567366645412922,0.31886681832113883,0.03367640387446402,31.304328299916776
2449.746605077576,0.3251900642246949,0.5821987465941139,0.8791857726012476,34.122621080836446
989.6968031996581,0.7734731256866006,0.3711724234376276,0.24339668321853047,31.172492613519097
696.8307225832239,0.13087366071834983,0.601074166800233,0.557337169573008,21.317375305043004
2301.721304594403,0.9698210450785447,0.7055858626438246,0.03897932066113041,43.25274016252941
2459.137269948339,0.45378954138363925,0.6884050184921369,0.6668473913056581,41.299108086410314
2973.4143976018854,0.23605046334646396,0.37455288702012135,0.32302734575409386,26.213487518754363
1355.3294953519942,0.07349674733001266,0.16686020169875282,0.8979191869576658,19.657026161005245
1241.6506402197929,0.16975790508754074,0.43052933846220753,0.8881181889340358,23.87962416640482
2373.9562900775913,0.5197739485560177,0.14259414408190874,0.3252906183617478,24.521359915623506
1154.24991270845,0.3370031764312863,0.8900970351838083,0.9009608956904679,35.56579753203962
2806.1205116899814,0.8288833658826095,0.3458774607378574,0.9961576734987788,50.78112162532659
2603.5557051604333,0.43088752366180594,0.15445974722332378,0.8254156641239481,28.526426359616117
1401.1832766500513,0.2487142725876299,0.025447759905750877,0.844871347755229,20.746070489042467
2302.4389898161926,0.61714498660403,0.6458223862864843,0.2490087361090899,37.313603706699276
2312.7200474371107,0.7067772168854458,0.6369023174547432,0.5767023988577563,41.26585972860554
488.7468327406113,0.16704190790094986,0.34060416658129167,0.06725591396736785,11.339937855083626
2727.1481387027866,0.16761921628831766,0.071711888847651,0.09491793682166971,16.4145499933201
1614.706642854,0.03667142693354297,0.409628894895232,0.9988926120332906,25.40589478258257
2514.0809051016768,0.7364020150656405,0.3112174950633936,0.32663924942591094,33.71957179299935
1096.138882885713,0.6638045276218051,0.6771206397350094,0.7481839120488464,32.01559027342117
2707.4650397893615,0.4746308757498139,0.6057792494526903,0.8066650530268165,42.57246642702906
1289.7647004556568,0.8441704489691971,0.36459372819754,0.8580232710072292,39.2981427543817
230.34542414483542,0.8056701529500532,0.2178925542549901,0.9976282974021565,30.61312342127382
2735.069533973938,0.5853543643967521,0.9880359661555919,0.24149648525686784,43.0760886791187
455.60269500117397,0.8682712805132586,0.45400162119611487,0.04035082685969971,29.005607697240887
1094.0781852531618,0.20584121003676825,0.688274235780237,0.411191517994586,24.471923157206756
2860.1735077422536,0.11191961939772788,0.14055296757836078,0.13008066982894695,21.756396248153333
2861.7000114251573,0.2697496115169896,0.4855896996593978,0.022425889162055124,26.6166322722294
1805.626086745201,0.05708685608931485,0.027536719869465487,0.3604268271414861,16.81115410211704
1969.144194075438,0.531169528001032,0.50545511791045,0.7837382510752364,36.529892261672316
1455.6474615392954,0.9366056922949615,0.9640174071177023,0.5661806912250709,46.5205230598237
1020.9901607545806,0.03934354066850965,0.3842067129858002,0.31277798921035405,12.242580026609577
1120.2607270357648,0.1221099140100268,0.03899601257491159,0.6543420054927197,15.745773867533648
2083.0516770157074,0.4521990282834353,0.03095579091934353,0.23201818030881072,20.579847782636598
2306.648682425504,0.9338750175279049,0.3879867599468695,0.014381446072085025,34.89779416955252
2416.4213224323757,0.3161561049767505,0.16002493646319405,0.7643533864364274,26.818385366376834
2410.930799824751,0.5072348086883924,0.023352096328185912,0.6237430848640091,26.65459260265603
455.377088536333,0.0415728590503921,0.7562136139501768,0.76230262450096,26.324115883985684
1584.376853167228,0.14834320096208886,0.4585230088818907,0.03893801668766561,20.81865170915974
361.164528046604,0.9866301229588469,0.2892447719726545,0.8371196278306522,38.08902796159482
1738.6808705064595,0.9651186964360455,0.9000831830164807,0.6195262000363033,45.24649798775232
1436.2854038454557,0.004939980934409616,0.11613896020052561,0.5633953507126401,14.798772047871541
2685.5717117232393,0.951811785423239,0.9559188289553192,0.6246140481145316,50.46200193214789
1182.5620351458203,0.6391199378155004,0.3139667173773528,0.8644332468683641,30.657652406988912
527.7876459972964,0.8679182945200221,0.8884036723086812,0.5869365065589071,37.356470303773065
600.3767097479404,0.4547398556338591,0.6029428764794615,0.5809503798881793,29.42949562037372
2332.2297688089225,0.5155960285792502,0.8267073597414875,0.9906791570657658,43.488012026206064
1931.0105772855309,0.4888465802569202,0.9840131632104643,0.756730167068568,43.89624227779673
483.1434931438127,0.6668642575461043,0.2884054378187457,0.4422938054511353,25.710264017610726
435.4990571219928,0.1396512547563129,0.961135485407593,0.7073970000329277,31.068800166388968
2162.7135680855363,0.029973589872677953,0.38948189490242036,0.3892304716917885,18.18868433205598
403.73641781974186,0.3079299415911909,0.3855119047369223,0.228875462483499,18.76718059638495
2501.2081660129975,0.7046807627366467,0.3403871042545057,0.5968518768877594,39.96686315829456
2177.4782360381896,0.20185345212294836,0.5414076073475852,0.9281820981139515,30.380637637949143
427.77658579731934,0.6734324333249173,0.1541450431784871,0.9291395200154627,29.225369116263195
437.54559943853735,0.9699120461072704,0.5537114853580112,0.3419052781054903,33.982983906815626
2962.590819803291,0.09390071578941839,0.541704812410004,0.527677466221695,29.638362743265024
1247.958228117137,0.6726021182251263,0.76190181260487,0.2116358985698612,31.58884870591587
1237.7980117872946,0.44375021930457115,0.8336499619375856,0.9956311094988834,36.086836066182144
2475.838788321007,0.8681422543775054,0.44044135031242404,0.9811179078679357,50.25946255409272
2852.2960166748044,0.1771497894473859,0.30233324935149375,0.6495089297074473,28.83592954758359
2960.8029787040387,0.6926259522261645,0.25933489731709447,0.8044140596774734,42.15495799763755
2309.4589187250367,0.8381152896481102,0.19462383670487193,0.7151001612837,36.79816078666236
1253.526839486564,0.9446142194740232,0.05764758219902488,0.5931582190394682,30.39650861785006
433.80200675627253,0.6832480282896458,0.34244797883471334,0.053347996988897695,23.668139870483838
2376.011364596823,0.4971747640084273,0.27024769213078326,0.45476434255266107,27.72575848753796
1763.531899260254,0.6178472402012138,0.9664173858664074,0.6747863021674105,41.588300574185226
1387.8216258915336,0.8689049844787182,0.5577088262500439,0.6775316138836847,39.526211173764
2737.792278265261,0.5706097466388297,0.34727703903050755,0.3731226184223836,34.264283297464445
511.35295045722376,0.03038705969683686,0.580467600993696,0.9416919866580306,20.930253257676288
1579.3502920144056,0.9309486955069778,0.1391967013456955,0.167357032236781,31.068885774956673
231.79020534877338,0.6895267510315611,0.4440437492022029,0.5003594462155606,27.999448259199365
1512.2497975835536,0.6765133857772465,0.6262343214210638,0.6908839765508228,38.86314638120554
357.64917190914457,0.21567515239771717,0.4888978317924514,0.6971358058918092,18.434966825969276
532.6901655506014,0.6588854702326572,0.40177880065432425,0.6486389567688156,27.78592161405157
529.0734909758937,0.3938644056541585,0.9938483888996982,0.27528821345186016,30.572789259730584
2017.788845924978,0.6512329770414921,0.880314762148927,0.15620656868662197,39.6696852647026
2288.9256619431853,0.10659303030799072,0.6234059581594401,0.6359403268267109,26.541262653572325
1833.432542272047,0.657845304603036,0.5693773611822828,0.5993021161394377,37.56071018325398
2894.0831357287175,0.9994137257706666,0.620660479824584,0.17935601028924097,41.60570699556847
1249.6376226663713,0.04821203886055603,0.20131210782243325,0.7051391455705633,17.37737176770585
999.9938415892101,0.9771741842213173,0.3951377432643186,0.4551719917336564,38.81777299216569
2632.077558930489,0.4069079607228706,0.03945953289089932,0.6677605916031529,26.672260483966905
826.0683478544673,0.8707534503372591,0.47554603748682667,0.8373670797701507,35.38362601503827
2897.0231104337117,0.7823854840582735,0.5430245839576632,0.16972842857692316,41.50353784161392
234.03252913148577,0.5670162609866678,0.2277497361032096,0.01914486799683668,13.032579556488002
2915.6607147813893,0.7384492092513265,0.9640288471655137,0.7791025863957868,50.333236270603976
320.84775346161314,0.8785155613013479,0.909454610937242,0.6096974251526159,40.10622568408332
2695.200718354599,0.404140321651033,0.7221432354559059,0.6996395696221217,38.11878255747465
1677.5631054416397,0.3270331615632387,0.5333866287653626,0.8381549749886426,30.838887965417893
2980.301429134041,0.6675933855635847,0.869969159647685,0.8028109348245005,50.819393020532246
406.6303812591168,0.8078459419412586,0.1306523438234629,0.9609201469288247,30.60214953883407
1750.7919963236982,0.7622851347766157,0.790509794274885,0.5359350788521182,41.75029717238608
2914.047099733477,0.7978136488586345,0.1248208139668483,0.48849563265990537,36.60553245340177
1664.6739636764166,0.435583314812933,0.7942106625494054,0.4018871998907301,33.70719028232704
1962.316186778735,0.8178342161750216,0.27576756825135695,0.15369104284420454,31.594223849406994
2148.096329156928,0.12020905537060844,0.8770905810181889,0.5726072328820224,32.942705017141435
1472.7149813497651,0.5444890979608495,0.9440420938253978,0.2770125243259788,34.19024946637062
1957.1626242353777,0.0057586604981215705,0.14879596940511564,0.9213075122129755,20.980863045586727
1836.0800733846806,0.3245858299002703,0.4626756050653935,0.5831908042770976,26.46424349857666
2723.242429374769,0.3664615348713979,0.9809873781626851,0.5928401805081102,41.5186401018107
327.24986495608204,0.3961726916092554,0.4834074359731466,0.35492466087701,18.738059578075127
986.6969308582449,0.6954672066898622,0.8635475225145451,0.05198935197770749,30.087842245259736
2861.1521554143646,0.38855810127034573,0.5887315221313199,0.03174376537298862,31.7426555838892
2692.7385948945657,0.44869362262253065,0.37532990791960186,0.4233351441531975,32.726345038964766
1475.8389077999962,0.23754413087432746,0.2857835555258702,0.08456537809723785,18.828231740244103
1936.3712738443028,0.3732517916293401,0.20322309108608727,0.6068469555401391,25.401456984350812
976.6673123471714,0.22726962726315147,0.7617981913776972,0.8809730056396574,30.48153772773443
726.7392472265317,0.07319592376844364,0.3865405068230279,0.8829148165187222,20.826465623581498
1498.35553383195,0.6034485933813779,0.5112754622007512,0.6590454101322324,34.70988318678409
1189.3862384729478,0.6682127985550163,0.4923254800011819,0.211231831472931,27.157080312607818
1834.2371131824418,0.6194903460096145,0.5772790292331312,0.8629968313588721,39.14887320273257
417.65698350195754,0.46349404380057235,0.8655771456245522,0.8860934353132082,33.93103792313092
2928.305461465266,0.3797857801792298,0.9807393435834294,0.1966535849529587,38.92922584800783
2961.390084542888,0.8633336495718252,0.40758420857381694,0.7374260857706773,41.3886920837228
2154.8527992552863,0.519081785136218,0.8275189221063031,0.28651954892712295,36.754858267813525
1701.069825763537,0.47918187762973097,0.7645277946547177,0.8026403123529297,42.00836880355685
1066.6773256017177,0.025642065806435688,0.5735289514555733,0.9972378999036027,23.70146267749296
2478.626055179456,0.34124782762615635,0.9560471436119331,0.030026005329392813,32.402899840182684
2117.247283150862,0.38019561878585706,0.20047451552840279,0.8973658657909319,30.917622301729608
655.3274301656957,0.3988227808969005,0.10926421030962141,0.622630533598658,19.74311768033053
2750.596116582759,0.5801723692273323,0.8539619669554221,0.9733826191648212,50.28515399427282
2503.104280184873,0.5336025467268785,0.4391498166337483,0.4650095175264276,31.909178448414664
2859.4397572173875,0.6079050927934446,0.8469688542070605,0.8473879305713737,49.09647326592546
2232.0146234874082,0.7648832615421283,0.8930902051954149,0.06239406859827723,41.65887623469653
1917.5625486202116,0.8129857387160935,0.06245759361907144,0.3352790500782957,29.852888848610863
1371.0805016137328,0.7181230762264944,0.8834647629860607,0.06701653775120997,35.81737549074494
2811.6397533912373,0.9555236959549347,0.4483190553694222,0.9753431334790705,51.70580481458363
2624.9788906011436,0.01823258267636163,0.5104324890042322,0.8169739072718367,31.0604032743717
326.61227629733037,0.1957779856835461,0.6265925110932102,0.8525474212459705,21.186944349867975
273.8275285923056,0.00756287497814212,0.9263826067300868,0.9379652314338942,26.436102931325586
1254.0974272585388,0.647474714154603,0.01911609442976403,0.08510348611978535,20.228380486964028
2469.549326189132,0.8980305489499869,0.4768434683178171,0.38559759251333336,41.46273375587702
2964.3731620818444,0.24348229657629927,0.6877220424305607,0.07103488904400213,30.864085250837025
621.167295089879,0.9270345447963066,0.7227069576982285,0.21079310155002862,34.29457677475271
1863.5660029859785,0.06026739028956085,0.692532431537108,0.22936577703767236,25.588237058368584
1266.4943985668601,0.9344360268055143,0.13443512940812186,0.4691072110475787,31.561355660843777
2915.760313880889,0.3516226872396344,0.29939558837168123,0.2685621674536426,26.54871855754244
2557.9329847799845,0.10142082844921652,0.35871552541701346,0.10097810681776109,20.421535730377606
2547.320373191186,0.48587175918632564,0.804437207679505,0.1674910890941077,36.55289548943705
1512.3408474259168,0.25677656772050794,0.278759872414553,0.14727556355209093,20.80981888187305
1361.4946065454626,0.28487290196192283,0.21070496386720317,0.9730767979122983,26.60246287899447
965.5398014059774,0.3072899649262866,0.9574480190380962,0.7592925069184736,31.22707310281771
357.8513906225959,0.8030258978326634,0.0088632851134689,0.967761465269562,32.63071867252168
2621.222653514149,0.5391612766752545,0.9978208556819782,0.43974048650790853,43.78360712334056
2476.1228255642172,0.31130769915600365,0.6768212988573956,0.2783684816626566,34.09355388642669
2999.2094852011655,0.6103337833109184,0.8284692994491171,0.7982931972091867,47.309265688898364
2990.583143806935,0.7161506742231936,0.29461939634619316,0.3262539180411468,38.0244778185138
1755.2087756873568,0.27262400073353377,0.014315277667059978,0.2993833737053483,19.11602380420365
2353.1647625054293,0.4135491015253515,0.73786951856153,0.2325059922078312,35.86629796704395
2845.3440436707983,0.12188609333694755,0.8341445970006758,0.12967897822423535,32.588137433101885
2579.012693896752,0.18114934953468032,0.7404761319535191,0.25646306101676597,31.93421704979377
892.5746848809534,0.6811178539649828,0.1428502873008386,0.3553197484738877,23.151008835567662
1461.523578868262,0.18143834769562694,0.7534279222569691,0.6739942081457304,27.834253679653568
561.646362424186,0.5251633836670602,0.768922782107641,0.06256484221945158,26.13620465991966
2871.342876324423,0.7090462617224327,0.6585405156700549,0.21050693966534295,42.38707289245716
1897.2889764624642,0.10687692309474384,0.7661159327955862,0.8090236402916764,30.76051733750454
840.1998554096956,0.5673122196289035,0.8459214396777321,0.14692192358377076,31.835628432059014
2080.761916336399,0.25656278370136376,0.6136041142374584,0.34264514652252154,31.070811925468725
1930.7590732821084,0.9629268752375798,0.08860471396967906,0.8646589218581401,37.05535096114188
1202.8556104919535,0.4835456467199247,0.48762780966721087,0.15492531114344266,22.875019835708294
517.9612581589613,0.8059925497751581,0.07764933467160506,0.0827368356181899,20.421015544743273
2080.404947659839,0.5502265421562618,0.40754303103243084,0.48453799508001083,32.98030633408939
1656.8615625306213,0.043412532854819164,0.40710648912562764,0.3024195112785364,17.23421689188517
2362.49149685979,0.6331513755940223,0.06600984414024158,0.5634083644838541,33.80412166085585
1656.4578031135816,0.951403342206657,0.3488205339694793,0.8038048904834751,41.42884649711489
2586.1082008919125,0.6016118201463312,0.11099809879131484,0.13714848815274316,28.078127867264826
1745.3391485685595,0.8191888594267902,0.8082352100092222,0.580699084554285,40.16917287932273
1770.6263202990815,0.8842064633484078,0.9476880259644708,0.5055087603898639,43.17603722897425
2654.630087443366,0.22807977194893247,0.0723164752579386,0.14407878601319957,20.922299365760164
1329.7520253947116,0.21204483990822665,0.9551152072917014,0.6239984855289824,27.191178637493767
575.2426396617941,0.6109809888509917,0.5225765993367452,0.27364041786077165,27.696160963275844
280.59149367734915,0.4110284698067047,0.2995656779538739,0.4878343185440125,18.679047530524432
2314.384315886133,0.8398613028667203,0.07686207527616351,0.08227232427706188,36.830987947867605
1936.866743789701,0.9000231233980112,0.5006242680704178,0.45958405721362305,44.40583328133345
2171.423350677826,0.3534213793027181,0.7945155444907487,0.3064634680428203,32.54501404873789
796.29965222495,0.23687055897448206,0.7070864772666982,0.8223812111853543,27.33634470640578
581.8401316429554,0.7805255152438618,0.05022601146397376,0.05697872699736828,21.834051433029362
240.7250638700694,0.2748060355481361,0.07290183536790351,0.41860727491832994,15.385691529850998
1181.6451646584715,0.8226143185136784,0.4028732826326371,0.458431424131438,29.71186755949783
1851.7695231929727,0.42373825364876283,0.2952904940479433,0.7250060762991187,25.840279931941083
1298.2833262792506,0.6675498992914705,0.23238432305604784,0.574287575090211,27.826985602859722
1424.9297816664414,0.09553531383466818,0.2810044989087136,0.667212337194181,21.088021206945815
2731.6443445824957,0.623859324676573,0.8034827432968846,0.7770492856517561,46.95188940342997
1175.1153076652408,0.4517676787372291,0.9292280536318539,0.8622029736581888,39.61092356409819
1639.1705696474703,0.5866084631754741,0.4051026945275664,0.3138754967224705,26.74392244015442
2394.2284356752007,0.16801420774486342,0.9061110021324971,0.538022705363903,29.671030692962002
1310.3197904995563,0.7368737449441821,0.32149570124788196,0.8401080784391999,36.22861854509595
1941.8427606380458,0.8627970775432285,0.4764369863437916,0.9894511309650564,42.34982891293177
2614.6183844908865,0.21673980009077565,0.22602899781599972,0.8895193110437631,25.656540273170297
2858.657746241398,0.09571455552016173,0.640476042175844,0.3714672626243768,29.819520592410417
611.8057466013063,0.023638586046336396,0.9789811151748089,0.19516651721865041,21.754533730179254
2794.4453504521844,0.641971500443266,0.6034930960433786,0.4893925374065887,40.51386431160026
1577.925620622707,0.6070940360887808,0.35781408411354887,0.7416414518360422,31.899437832587825
923.0842872370833,0.54669741271407,0.6478174459905284,0.4925690707532976,29.87359762356591
1485.5801174671317,0.23194709611597542,0.12292067846538757,0.4831808633136685,18.0012957949711
2944.091210799336,0.39090599590551467,0.8886590802653986,0.8382304210818006,41.55467216302562
1579.330663180035,0.594476335186173,0.5030839507798364,0.36140377906718635,29.51711571801218
1120.5045088050229,0.4967668588591694,0.44934974203964206,0.8597946748116456,31.91861240994722
1973.522392086832,0.9877855202148873,0.5858647884535192,0.40680480095172356,43.12269928380493
872.4077325789406,0.13643975255673313,0.6247838627894025,0.3282331056783394,20.081042324587436
412.41731870425895,0.6951445540475938,0.07177580622651303,0.453989911199699,19.5912169161611
560.8632213498179,0.4043187681042921,0.6826172212234024,0.7624469586748684,28.391413049663317
558.5283490817628,0.42819961492561476,0.24193168031552958,0.12600202786399428,11.891499434408287
625.3275418344242,0.7175977656581762,0.7139526325065898,0.19641921587201738,30.50902799642545
588.7160834183484,0.6924361513243696,0.8225347943841967,0.951444825663092,41.50248903160014
1994.4492854490009,0.9912559937021883,0.8039585075525203,0.17549162738135737,40.66339592430593
709.2642363176055,0.12839428945412523,0.5525009674078891,0.5677273179310546,18.907139314463905
1167.8683933068169,0.10410964938416634,0.5201698923107512,0.5793144666619379,22.175441562918316
2711.007547736833,0.7243388171287412,0.14287596133941172,0.4896244620502448,37.586883390707584
1527.0925927360427,0.5783869170064091,0.7753461504031356,0.6447452485768186,36.38439681302332
2069.161667858876,0.27416066655980587,0.27140938044671437,0.22982672579761843,20.81392897663561
682.4956393645635,0.0794193689889866,0.49669542281794654,0.5526622677767482,14.040073311807063
738.4092526642781,0.08565824959643054,0.2842740929275167,0.37217325524689715,13.597931460247937
314.4321255461408,0.8941908746641183,0.13382836299969314,0.661667259629189,32.164228242587846
673.0181766020607,0.1918673247187429,0.6295576968917366,0.14122354337314946,18.612755188422057
980.0529492894841,0.32337156211552076,0.05433203482290383,0.5708774168394762,17.846892721128725
695.629355974891,0.22665640222698802,0.7486452341262,0.1852703553833237,21.737821511674422
448.3670945197557,0.3549963058319373,0.31758679526111666,0.2786430631150364,16.86981014140743
537.7804390816823,0.06942384274609337,0.00013469300448532007,0.21870980032358323,4.640468704113132
1490.1805504916322,0.5190597909082704,0.5111291392372298,0.1828377798688171,28.973973289225594
777.734411536219,0.0676125635922149,0.046851908527603126,0.825710951560667,14.652334519269619
1219.9556109346113,0.8003565078223616,0.27616955782089947,0.28570756766089034,29.14175375891
1609.5683583935993,0.23371208191043302,0.7069764874557162,0.9271237818644493,30.647236506100395
2133.105520162223,0.5400119146045106,0.06268962162186587,0.9699265253451909,34.712391334550745
310.073991555077,0.8800790875614583,0.8393384923560023,0.5712604699370973,38.78403928438178
2438.3491169453196,0.6508773690471942,0.003819922658583108,0.1430011226657264,25.59076135747189
1958.1210905745418,0.5329577865513353,0.24682386920190225,0.37454824337958126,29.901251363087635
428.92528945684137,0.3243337531153756,0.7409040561520714,0.797732263348214,26.727043308584513
2646.0201474989763,0.33300191305819793,0.3162701497293068,0.36739072869707046,26.744091546547075
2778.442721489077,0.6694869551981901,0.10189238806601353,0.08701721830278875,28.1611044804667
371.01828759361854,0.9941393612211675,0.3602339188004279,0.5567849109281879,29.167099447503556
975.2574148121704,0.6618391898493786,0.27039328638452553,0.8451208514960348,31.56326344261307
2457.3635834205716,0.5577834173700249,0.8427119021605549,0.7959263871435024,40.38013891167
2295.1271330742434,0.7306505102392461,0.31334791758514313,0.17512314013035324,30.083208372705297
716.6588541978565,0.46520561228371815,0.7889324717760072,0.6727646144124667,27.29786371927135
786.1781053427889,0.060142342600785215,0.8918721448107347,0.2205042634356471,20.544722799665355
1237.3218878158696,0.5622968158779098,0.43381741957652953,0.21820753455217223,25.821241475263466
1556.6643585348597,0.9576252845053802,0.909943143854392,0.8740717733051852,48.67229994727691
1931.1133602848286,0.17530294235765964,0.37731805396319285,0.24966895274023015,19.232930596086376
1232.9581907953627,0.6900048908206657,0.9640784164901082,0.2632473465180112,34.71407097604858
1495.097205172814,0.20093368865905648,0.08928952452557293,0.0006533907612995549,13.768776301634938
2292.918626774518,0.5358276844730813,0.6870192665032427,0.8706690341255177,40.09202229872106
302.71296809367414,0.09667644964671962,0.49381404045692867,0.7925948132091347,19.41296921542033
906.8234441632582,0.45037093625818514,0.38764880545564706,0.627328935090678,23.859060006473033
2197.3788404767465,0.7561633288952461,0.6327118787486009,0.7502657639388423,43.465622086448256
2706.5791455241583,0.3475715242389821,0.7038570916343312,0.1520485674244918,35.16922433579245
1632.6968379238651,0.664911724487218,0.004363269650309087,0.45832359458757543,27.282735270779643
1689.9177587428837,0.7954499607897292,0.16695308874719872,0.3512193873487809,29.550250577771834
500.0816317513729,0.9271778194794527,0.7130460506343187,0.09377652625701649,33.19181851114272
1452.754627105673,0.23464208185545354,0.6663854135782065,0.4861304852149241,26.332370479399348
1691.328346074065,0.39931591580930814,0.9660475051286772,0.9207396503426354,40.15682949630245
878.917410177243,0.15241601333041743,0.761037790250783,0.04005911905069448,18.60784325746625
953.8810466582667,0.9924835021583752,0.950772707731338,0.2914609134937939,41.46660461559607
1256.3956566929435,0.9270009679242953,0.702540501534807,0.20754093620570346,37.859701233178114
256.19935377763386,0.5399571302805596,0.29805220863944315,0.23814665366569632,16.94567164158407
1101.8216636328993,0.8420332943764213,0.10536492225085647,0.9084345518793753,30.982835904269567
792.054419590325,0.5209579772720422,0.7818238633449356,0.4680690542342901,28.010395028246982
1116.9925860981612,0.6235856880027597,0.6441492214759159,0.4662994129398188,29.181366933075505
535.3339690939034,0.08912443211601662,0.04818601239329623,0.7605756424552823,10.353139713801157
2693.4763860717057,0.7552704204968079,0.36005046590097833,0.1544922040049258,35.837394382466876
1862.0588699513362,0.12771348363523483,0.9567998154842862,0.4872653541000508,29.30363976474241
2101.4864936045706,0.8260676302525284,0.5004011457102012,0.4299852141210597,39.86188332839924
2409.679468100547,0.7820280876703859,0.43272913601970464,0.5969106905466561,40.21843053717771
1595.6381570013605,0.7087446977429764,0.457699605159294,0.9995577032504386,35.077147422884025
443.37680664478637,0.036160380524762115,0.20888272400516372,0.7694488940820471,15.077772613060482
1703.8983170919337,0.3031283559453286,0.3687071708647952,0.3978657030174272,25.712920588695862
1843.1551304584616,0.26311256991084286,0.3698132559871766,0.827553052274047,26.31303106338758
2287.230527716124,0.3601364074715191,0.0523550201874724,0.17070836331248018,21.971672809737875
1408.6467294431022,0.08764274676383854,0.7675676285179183,0.030463686308960125,18.901243398532262
557.2248478275785,0.9369578230310628,0.416504431903879,0.20444837246427305,30.012671656456735
994.5725362364285,0.5538022407123763,0.8221798868164233,0.34041155611425966,29.256724544908682
1216.6304299161784,0.30552431065802355,0.8503480011198954,0.5105807574595599,26.468453049066238
2008.5682757284835,0.3969815170742834,0.21199405469865806,0.6151291405411998,26.548039566794017
1798.1792530729533,0.44720254050483565,0.6573534821701286,0.9106057172144217,36.65384858760795
1197.0708325139694,0.6005943333606173,0.4722818041629817,0.5098540095504577,29.384648600502285
2962.242696620343,0.5156794276964978,0.8801567379214851,0.5012756446257294,40.97184843566612
1896.169494199284,0.9193919732144173,0.21574067917645412,0.05024300982298213,30.807429096899128
864.2350168607845,0.49696348290583026,0.6778132003100442,0.03491155265622381,25.315347778794894
484.9909233371305,0.9921580148233127,0.6077521222527226,0.5511599619163721,36.806210305861384
628.0055897161296,0.8514249577450957,0.2953014775718328,0.4381786132483445,29.34483746074193
888.6816394766228,0.2085105143573358,0.1366009036511726,0.8391803949802986,17.714205588191938
649.9078451267559,0.9305952146439163,0.6516397604772766,0.16067958471184518,35.58627160222202
722.3876673436562,0.11636639788547609,0.7385974581323307,0.024971662117049598,14.915598114473696
998.2664723427719,0.8174497084911916,0.31562734376335,0.44903876793012587,31.540244961462637
685.4460668253134,0.3806232934765801,0.6448326040223138,0.23747855675225749,25.450753017435375
2710.9431889539906,0.8779743204450695,0.39513090761150327,0.04961437333883745,38.49912588673005
424.6544878525982,0.8680566901074503,0.7132068832826177,0.724598286847629,37.02344390499789
1668.6318907967132,0.8059254001176211,0.1992152748940531,0.11159299995724747,27.5092324859933
1349.1111155710523,0.7900304363070614,0.8902150026361744,0.6083195000077717,44.05475964570933
2950.660127344098,0.3046791390980408,0.28740959646557973,0.28104975016688916,25.122575016810544
513.7089260705466,0.08091928305125218,0.3677859877561529,0.17349605035502202,9.498432090511002
1313.9956773280767,0.40298017876516146,0.058091952080349785,0.37975152291931746,18.50336094135859
2914.517213171033,0.17352451498650867,0.1115122123212764,0.8014457762229537,30.205524827658017
2623.419952503145,0.6949510889024617,0.5158619027123281,0.3920935769045727,39.4345211223774
2487.801798657984,0.34609972653778553,0.2675926767279715,0.7507696492110557,28.94649865005527
922.1279157258315,0.9756102008599149,0.8354802257421944,0.1254862967991507,37.289294539182066
678.4852446921843,0.640972077345332,0.014693388654953843,0.7727714196650791,22.93133650865007
2072.201015788407,0.822480563634361,0.3790940486719362,0.23693332490664865,33.446782346307714
2802.2527695572403,0.13252467274184843,0.3373455467690927,0.6773931298888728,30.45365092016185
1758.9361004390034,0.8620144822726226,0.019327630917601035,0.5657815548409963,29.239213901294438
1800.5155305157195,0.9227571905133943,0.12436839900051022,0.9291447172116873,41.83225633143976
983.9414622487957,0.4870619188189359,0.41364267491863527,0.38732251797531403,26.395270371524614
2354.5802129374233,0.6062529377509774,0.49286458444744663,0.06616518883444045,34.13430381597016
723.7224959610654,0.7648098009029954,0.4042897472548691,0.019155485551252904,24.244830538150286
1106.3018619318823,0.17483862726041255,0.5309376784120938,0.8268585609727531,24.961051202618382
1391.222028125967,0.5025660764634424,0.5951316749056815,0.5247356376614322,28.315459541048806
1621.309060316474,0.3986630277723131,0.00992382112783563,0.7752440518349493,22.931778878162056
878.7472507622247,0.1463739921622491,0.4640951594535039,0.2344256000115147,17.614209184260115
521.54310926977,0.36753442229153144,0.9634992408875883,0.34508374551323373,30.45385618418843
1909.7361188365712,0.06817230938549357,0.5190322801295487,0.03010387221131894,16.784336072344246
1008.1655490727162,0.025811906949486985,0.6775422674589532,0.9614923245741122,24.60411126800821
1827.4670199833145,0.13516628915482276,0.3118638579168832,0.6678679067008134,22.894699378309365
632.2156027677665,0.9631151115891738,0.7739913781527625,0.9332050877593062,40.57372339112184
1547.192285193489,0.549529535895017,0.7729214818761151,0.2654964074290723,34.15803692981704
1691.2504111444405,0.96582216115322,0.521296047654139,0.6114636112256608,40.258791442370075
345.1059031027953,0.432497878330132,0.9760138232792136,0.6784999682926378,31.409913411877152
1142.4919789429778,0.3118161330852596,0.12555021476265338,0.31754970025758844,16.10363403661201
576.3610954291279,0.5061418628402441,0.016947664889580993,0.8481092350156301,20.161273046011186
377.4499173237497,0.4395116886329101,0.770158211757096,0.9471614629002478,31.68738119367476
2971.8886506918466,0.10566468426174391,0.8071555373648825,0.8848551176960043,37.49740201899135
1102.5907659292243,0.6408263146902062,0.12020722912057624,0.7390669759393725,26.779542555095283
2467.6484483929776,0.2160381825095996,0.2655828329586061,0.27746467972495403,21.960471940424828
912.9938333385388,0.6195879548978296,0.01755236336662891,0.28161604210563174,20.67522347777095
2108.207622227002,0.6502010923981534,0.2933086107805647,0.9633603204460379,40.885526862251496
2328.6380076911223,0.1520248531286481,0.7731418739186715,0.010284495935692028,26.66343463484382
1867.788473701964,0.06134962711066816,0.5179605277125789,0.7160499732421445,27.488078988655573
1520.4133279404434,0.7807615860684398,0.3480955931682881,0.7062461625552622,32.720750033841036
1353.154559612352,0.4598004237693202,0.3717392949063303,0.6226895409497974,28.080288985128632
1176.8311463203868,0.05816379550547579,0.0013536257154681541,0.9901088460868658,14.774087850369996
2802.6816038939123,0.9948663171697671,0.2998005275652359,0.31187943576372523,38.572686778916896
2525.7343418056416,0.05778056099636664,0.6464587416379305,0.3399718637932482,25.40213987653891
2902.0753498662352,0.6950352288585532,0.9741944438163571,0.07893940294655555,46.1971906820403
548.0322257595253,0.9836789252634136,0.8470608269838995,0.44279813654373745,41.44766506160106
2246.428930570204,0.23918010421592562,0.023594964645529126,0.2610485262348481,19.466165913309748
2827.353279098906,0.14224936868719618,0.8985606046748393,0.3433867021776442,30.82862874135763
707.4525852638485,0.1213849394224289,0.7831984132986259,0.8345717902556277,25.666094514027613
386.189548626977,0.30327514756759555,0.7803761235709804,0.9354845135274957,29.66033770112993
2275.1378180121656,0.10104581101064669,0.4579957590035715,0.18573307200518563,22.474944874536384
1808.5247169037534,0.6921613416941319,0.3980052929545028,0.37250893155346587,28.893431961292116
2557.1205749231617,0.06229179813006269,0.3029157288331926,0.9286305621153941,26.080844694829146
591.3626545536106,0.5094221281497897,0.06569485895436578,0.06180846068922263,14.620607798674127
2426.7484732076923,0.9966968538529768,0.2282353634936991,0.09236052811137851,37.48739699565166
764.5564961336847,0.8139702695060188,0.24660363497802462,0.16279098920622936,21.036896645321573
658.2366400239725,0.6152194382310109,0.4840770697102016,0.5952128341268748,28.484608400702136
659.9442342067803,0.30625362078661167,0.747444406596694,0.15047227100599747,22.427279935534425
2480.80921664787,0.6238958362916385,0.4738098283979466,0.9680763814507335,43.36909802658108
2062.55221794936,0.5270414639116516,0.057844449447160606,0.44671452725852034,27.57411755074732
1664.5831893535342,0.4260833838903715,0.9577898009882039,0.5015179603501664,37.39175288051744
1204.725355545807,0.13071037674019947,0.9427243190941123,0.2466586158054065,23.6454042435949
2656.161514276703,0.8866042152404667,0.7851895431484084,0.4709602524347335,43.68433327351969
1298.846300783379,0.4497846488213225,0.9913279015642206,0.6619136326370115,36.19287381605397
2486.4784305204157,0.19462251182076507,0.5444823328002629,0.7511771369540428,34.00711240097887
1429.5777439966116,0.3677593508772896,0.9627683502532061,0.753868082709913,39.27019087347493
1255.4444023897413,0.41412975252892703,0.07560504061675077,0.5778911126940883,22.893902003314963
1495.503399874898,0.8275378955668743,0.3656807482613713,0.9043597749938572,39.41576553017458
1043.8580476595978,0.733614380561402,0.22538126800676583,0.8174078473061094,32.20565463946054
2293.306264493503,0.7693048936413398,0.19583308413427003,0.7570481146986254,36.248369110773055
1607.6170922589417,0.011031264428647214,0.14080294889267608,0.05560552168046062,10.66668961295516
850.1955464110885,0.4161539981797615,0.6224136415659967,0.006877962219649314,25.317180992989776
2718.808805168792,0.4813441516353236,0.7813218557473051,0.21244727719547296,35.180111655130986
1274.895419844992,0.019192276823056686,0.5782983994203607,0.6635235939134523,25.29759214754573
1721.948011119168,0.2598132087450342,0.14696270958820967,0.4111974888825458,19.478363454161013
2738.1219107007314,0.760289823122135,0.8111237699334709,0.40240625929931173,47.7381893761317
1947.866388559178,0.13710970572899905,0.6359547071637285,0.8845868882296137,28.053085528132858
527.3145139834194,0.5353101314525917,0.3881657061269955,0.8955628481318387,29.29269767452155
2831.5299461177306,0.2152018720172375,0.674130295536063,0.9091752640535857,36.19185397261496
1957.58254859997,0.012120774643893273,0.25990497924283285,0.3138780765150273,14.237149305822106
1137.735721039841,0.24120145759954148,0.3451922084942105,0.6910558127392618,23.0382170968177
589.9618034574844,0.9758737549100538,0.9174858431319902,0.27163318127436964,40.96484715240399
2423.270529956829,0.8015371118829896,0.2905045056714204,0.19060983307444979,32.720877926072745
1936.203716599838,0.9595766443210334,0.4699882681579366,0.18463245734736922,34.7706681443458
1693.6910575337004,0.48785404392636245,0.8901411373960146,0.34210762086359403,34.815039907102005
2702.8992325426816,0.1097361986775035,0.7077213502675275,0.4299576197798217,30.449745930520248
2408.072191428686,0.547959488973693,0.06220322616470275,0.8309491710550684,33.33873009474752
624.6896632517032,0.4543773345599609,0.14730304427897034,0.1198910934727121,17.518640749098385
1072.8217898275352,0.844357082739616,0.007841590771916818,0.7349258473948942,29.599302576912706
895.7695914805041,0.09808258078424459,0.6309217902291634,0.5314549141893053,24.929882198006442
2283.0496192034957,0.4882411370217782,0.4476734254104183,0.2879453426759925,31.22309513343982
293.8908172601823,0.15004866469398426,0.13427485090227553,0.4928195845328246,10.719892977029177
1795.6911176396864,0.32467592689006,0.9579341210567704,0.29994206977702265,29.617271921415757
2334.8843200739334,0.7373570773877997,0.5296597239456199,0.596081955238306,39.80195951906068
2654.9437829328986,0.47601812936876653,0.24189329411288918,0.4338439228552442,30.08914625146333
1157.828896404541,0.37588828514576933,0.5006035711547075,0.16440552907887873,24.38062863561043
2499.520453081636,0.3944762785700353,0.6796203327351078,0.11658307455569672,32.67223082152618
509.76886347458026,0.45944676840598664,0.07623921797356448,0.5466956820721302,15.989586532552169
2570.066416856651,0.7850165438370569,0.274703815047892,0.9024130332861034,42.03985929242588
556.9682545295508,0.8920846889402344,0.8069654908839936,0.34395768655768555,37.51365662374731
1312.4044135690283,0.9553346865039283,0.45966487040266124,0.7330001072226232,42.94975264496552
2432.4270241827503,0.7869033862552951,0.5465771420322949,0.658661354939767,44.46048146072986
619.7687965765665,0.31540689574801273,0.43281600220946925,0.931554914309481,26.73646438270289
841.9039066513961,0.6881347060865421,0.04389994264300512,0.8209810172991409,26.96069495685464
2222.3071915005858,0.4376031240553919,0.16574977982015593,0.566605258905463,28.79252173581463
2216.102302329008,0.2546706220460512,0.4455416387418909,0.6570304982341073,31.92636331744782
1995.2133720788324,0.8408715794259226,0.20918546540792782,0.8983864665840349,36.24959030091258
2143.05564450788,0.038426348962324997,0.04997902865967874,0.3995187845869348,15.529799823116516
1719.6284413732692,0.9017619921354235,0.8436496640518237,0.32679470585777737,41.01093657141746
905.0373649394677,0.46147746462473416,0.9811925291641158,0.010811083635196339,29.339041128457968
1167.9487818109744,0.6372014768082804,0.7931428739967394,0.8265510741914642,41.20687164838779
708.4736070439919,0.6593539222057827,0.853784921704667,0.8009807004033649,36.352078735497116
2743.661571734159,0.8951177407065364,0.24197713031704537,0.10445451810015138,31.514256073619844
1833.4970253451372,0.6366696821672073,0.9606269755131998,0.5768573811327002,41.25441572404589
1322.3839669381916,0.6139335847600618,0.19692570445342839,0.4639816981668874,28.31124154239731
1493.6162502035716,0.06665204056068996,0.9514298103618323,0.11870909550911146,25.334919978650017
2852.393350913083,0.5184080219452041,0.994819293965951,0.9805682270607236,50.21447136918715
629.3839287250246,0.15016900081704165,0.7117228057460487,0.21469588746335544,18.41311401704128
1841.4435296470322,0.7374337687214856,0.9811437317918219,0.06723418009056115,36.78732932800824
1616.4883008765048,0.5122219208126745,0.5695397795671037,0.5948473795019096,33.849039052410596
1912.071859217014,0.6802277792083533,0.25954178317609033,0.7388666771330327,32.778144779154566
250.70851469835344,0.041672900602384266,0.43699588566562086,0.03244344604718696,13.33456679775655
2641.946945043624,0.08479201604580322,0.593560935378786,0.6587176387270222,31.53717988079523
2809.9311909541148,0.7163233880626823,0.07308156202701499,0.5322918759514544,33.633969300836085
1782.372914049785,0.07208433599867337,0.6223432646172461,0.10326500887504841,19.498579853454306
2150.622306855298,0.0712567277652586,0.9811778367622945,0.17252387694636206,28.435263997252523
2782.998267296428,0.01210847523488745,0.19010764978372763,0.5679742973160805,22.20951471705311
2180.268176077516,0.9565013982994801,0.7925951162883833,0.2963576135132884,47.11753927689572
627.1093201599317,0.737508359459007,0.9078987937796194,0.9383157286513161,41.26018532267534
1813.607408467077,0.35325140850206416,0.9437015928202208,0.8187402294840508,37.01272792170343
1898.8021298719966,0.2965355812876552,0.9601356044054472,0.983567206513663,43.44330977664299
1387.565879646681,0.34970322974584955,0.5214596387214719,0.259670838950414,24.44911362651706
2262.043859749224,0.7746535311811819,0.9773079079915037,0.969723632797977,52.69782422215988
2816.227641353242,0.6613706110704144,0.7573102071344389,0.43123386979155787,41.764089218217144
2791.5918361389736,0.18519556786746794,0.1616714362369619,0.3475187953137546,24.288361290225247
1462.3502399315698,0.17410933533408435,0.47690010646797,0.05034952696935324,19.073154755339008
517.0665283541148,0.09839564971339732,0.718331175372004,0.05276525785960262,12.0765672610223
2957.5553570945367,0.6603027197013381,0.24734031581908333,0.6920112559466547,42.65459869717352
2548.9146420486154,0.7643726622217359,0.6406151835488874,0.4579289944340279,44.801833074096486
549.0555073691471,0.265046428325004,0.6666004790466192,0.2265216260361057,19.516038917114187
2778.3572713286426,0.020944961030912812,0.1626997438085659,0.6139703063252326,20.686345316730574
2635.709813773959,0.08217166747642735,0.5650853124527563,0.2528581182501112,26.521966515297905
1652.746559953002,0.9678600348450305,0.7716269109786077,0.5776317543444226,45.145050103617756
1855.571220085802,0.29544477747742026,0.4988956645359419,0.35920874698269034,26.973611984969907
1317.2075708363648,0.7692231478381336,0.012103116776107425,0.823552226611819,30.77072462109248
353.33258870168777,0.6246635688542638,0.009038469079292177,0.8206961607667793,23.61495494306274
1138.5522766085226,0.3819396396528959,0.3570293439700122,0.4773503981224013,26.355109715658344
2447.989656074432,0.2056872621955551,0.926194068431782,0.3508191093350156,34.89100205436744
212.969664412888,0.12138641815940643,0.22867677960360877,0.36255979655909454,8.449015347077763
1133.7976807352038,0.6150129680388666,0.6343636888716871,0.8057145256682179,38.26697405963574
1314.8723420546412,0.774633780637788,0.22207587069332058,0.328179482797612,31.96119933838147
1704.707688226184,0.6439042535411307,0.3216699896595486,0.20905937370684602,34.62138056293939
2775.5957259557294,0.5303021332491583,0.848042089601484,0.08468834187530683,35.80454799105794
1169.7687842246914,0.041951223431636264,0.7288614422699469,0.4666931208844084,22.773485258950018
1171.4689653094374,0.9684887775943838,0.09539927731321063,0.4821320989198419,27.315233120953472
2265.0034947072954,0.7987141916545746,0.4287020209864336,0.8409087104029072,43.24521703821196
1466.2102344914601,0.29282203670096474,0.029169763645264468,0.22123869644606398,14.741024729282657
828.8935042319495,0.9799703293588506,0.480890146603009,0.3809912736683999,38.6140306337158
1466.8306451715416,0.6018815896363221,0.6624340117010681,0.8084057388936909,35.843122642999916
594.3996570634396,0.5824226582072465,0.11850262359815156,0.8236236107489735,21.255860834989612
693.8835622174253,0.7480731794295321,0.28888493890916567,0.3846110759787682,25.667738761697894
1595.4297636705433,0.8117697880901376,0.3978366255021569,0.4591240232866809,30.820358653120355
1372.991258612734,0.6564786073315027,0.9195310246560497,0.3032858908492829,38.32255162704192
2761.5685229906803,0.12809574636620003,0.993255015422964,0.9325548784193121,36.463965465302344
1214.7029175265727,0.3382675059944984,0.044911298995615856,0.11864376574158031,14.755887012239189
1825.6473807785217,0.9280836403260497,0.761007923495392,0.93374942300147,44.286899153146784
1970.340006174685,0.22461561184385193,0.37172406640234323,0.6838664518353432,26.11794217306576
236.66447844733418,0.3721670238375133,0.39245818622948003,0.5315721526867312,23.116013500905517
2057.90464164679,0.432076882944196,0.7542649733470227,0.032659060784495875,31.29292185803976
698.5007072353039,0.4394049896944522,0.9184264321454086,0.4755961918220083,29.08597452053691
2890.9968889144743,0.6129395824945255,0.9509285945025484,0.4077481050027323,44.992779084150264
616.2556377087162,0.9430758377447076,0.5771225860383208,0.16121881197512256,32.247855597852656
1360.9475464356665,0.24069271183250496,0.3571211593005028,0.6564096035006569,24.484766085029356
438.97907062020283,0.12150137630091806,0.7875490858587793,0.9711509073682858,23.41595151412227
2991.247905168653,0.19747048985993731,0.25100138326230026,0.5621888110645251,29.477692730316427
1606.1460289274792,0.8869249002092695,0.5640740288335178,0.7147532764439458,35.969088082559466
1867.0780484961226,0.645810812655206,0.35857846152487316,0.06845045256601678,27.055018839390378
387.81413668759694,0.28590678923916013,0.6566310737078761,0.41766699581699473,20.70679484710619
2299.889317117698,0.8159469389686173,0.2403989128935069,0.11635848516449587,33.854607562150875
787.7356606676401,0.861369996363436,0.19159294573482577,0.6127958355365104,30.21319247734815
2714.5520104339985,0.846514338690278,0.9182390866754371,0.9384821582141546,50.85032860053609
774.3909933496201,0.9189265336395545,0.1018036829495369,0.6617777324716385,28.4253319568646
733.9256178582664,0.2522410201733616,0.5059579077349317,0.07680304831442153,17.46920761102157
302.3390699746657,0.7550419287462783,0.22085278296300892,0.35466620498508283,23.313853035365746
1521.787446307998,0.46053949727414,0.03892996332566745,0.5506633794408515,21.752062202044826
1781.555173135326,0.8419985528900615,0.03601881829142639,0.4032077561332522,29.358439180157816
383.98419039938665,0.7284906771616132,0.17522177210582734,0.8336440104751723,28.846837175886908
2371.4773267460296,0.7764474464997246,0.8667703545060003,0.8146710047099892,47.49921578267611
1469.2087372944773,0.6561618376810715,0.28247874397702666,0.6118310201032214,30.64858931272329
1668.2927541172241,0.17742876946970687,0.9504591705752957,0.37345794513270525,34.22137934609783
1434.1356914270389,0.5450269188969383,0.5816222929891935,0.25533637376324414,26.50154969377646
1322.1365704509128,0.9846697395245082,0.4366141897687661,0.10587431821312931,30.208348208258197
1766.99292766301,0.9373880664971189,0.5800888346694546,0.35489768348655404,41.400214652762
634.6726886059951,0.04317373579701167,0.5166983852262678,0.4131725172077195,14.561752986853215
709.3987653867591,0.16481481572943713,0.7587762537573252,0.6758229251040736,24.34668814343791
2612.9997388378483,0.1317287734545619,0.28249606597285226,0.6581598242975735,24.95630063958677
2849.1232939741717,0.7259799099852955,0.3530503916003024,0.07010813964125695,34.24245165845885
1245.2660855833083,0.8177853298569451,0.8940943025332507,0.3952593154311578,43.143120941558465
958.0850848019505,0.2135113663106719,0.9464565131504055,0.18177886721736192,26.679546036889132
2003.1987210692441,0.505852692951829,0.8925582274864745,0.1568127053168057,36.81399495362193
1344.45567907467,0.8407030280112,0.4194479939573136,0.8273021497372459,35.26862625074422
271.0817958489656,0.7328015447662506,0.7803655030068817,0.04191521671625753,25.8337671137299
637.227272625333,0.5422372054918483,0.4763357333010988,0.41918287590212133,19.68958791253047
2204.722240772713,0.5903476904587729,0.4975398521461022,0.1682036557665182,30.356937710730225
2044.9870373484239,0.50836054691628,0.20468010905728395,0.879330215678474,34.16905629048304
275.8687790097538,0.2975484513188206,0.5911303032585165,0.5570405132750351,22.80156563455002
821.5220534122584,0.5650219928590161,0.18613589775334793,0.23138063637684803,20.07086842840607
847.0094304465999,0.6888853020500907,0.33156469906719377,0.5024272871663764,27.96589598347038
2081.2996820764392,0.8733229158608077,0.8550302016199351,0.7314863597031158,46.63550226377772
255.18950571221964,0.6362913539792481,0.20707580921085522,0.9581180089194338,27.09860960030679
491.50402955680676,0.761121537043158,0.07115828517343281,0.22044600424541894,22.483541767664107
2439.7650390449303,0.160071634954573,0.0690075926128163,0.8861817721293451,22.065415929980865
699.9250537521341,0.4615574744197899,0.9407845205031079,0.9343041141674903,36.78487908205268
2027.6891019852492,0.009331619827093296,0.5069204379618346,0.9164205445320662,28.957959663125624
866.9117869308343,0.24667886452162302,0.40941207181701833,0.6354143568619098,20.933260293034266
478.43589972616644,0.7264617151130048,0.8108785810079184,0.6298206544347077,36.78420028459795
880.8821347984714,0.9918099513493635,0.835825927910516,0.4032106331838228,46.4394138404207
2222.3474091958456,0.0991780995872159,0.3321910331156046,0.7523978823037879,25.39345777152171
2595.9501106976,0.40149431586128825,0.6936180574737952,0.5312940183509319,37.513462016340654
2524.6156207875765,0.8000709686991595,0.7711228158518866,0.6774380712282945,45.489606260659535
1312.1138829316735,0.20403563462889884,0.6546506868659545,0.42845790384879545,25.10812377391772
2070.6383823978094,0.5550849493022862,0.15159507480009937,0.7314964640431391,31.964324910432264
773.9560271642987,0.7330712960296748,0.875883083517057,0.8244715176045491,40.303852165756616
1020.8136447308372,0.615985450260179,0.5390945527360087,0.14643625660281612,24.935167446508345
2709.740291859135,0.18802473461541613,0.2824724263700037,0.832929715574228,30.288303245547233
236.4053858300609,0.3553845686857394,0.4252281854376939,0.5402965317903072,22.995498279768846
439.4238863925106,0.7837917844853972,0.03757109039890738,0.8446659090902243,27.780452097585403
782.0815144088765,0.5542265141320166,0.12786680122241756,0.4313017063410146,23.149931314574808
274.2901708466952,0.005229613542912737,0.7655467505158609,0.37904048538303503,16.27562529663474
708.0192182514324,0.7609907600280938,1.1634755366141114e-05,0.9150607325172224,29.41049361716918
1832.516370715138,0.03531135494023907,0.4165658284822922,0.2511692675484013,19.18752473153192
1379.9887416589943,0.7457337827312321,0.5225101810855884,0.8442123252861431,36.19257387269041
2699.4807910155296,0.2024805601652374,0.054634420000972295,0.4840205725094041,23.843779193088768
2488.8419728676345,0.9580734801193802,0.9730781629723328,0.5140954425512597,49.35941300994274
1157.0885847540526,0.3679407513020845,0.22612533124967193,0.308468281489484,18.355060183682287
926.385613607619,0.3269316163380791,0.30419871963628087,0.5730422006190157,21.842619810118798
1263.1387428683474,0.14888805033244468,0.30394251225502733,0.3252111962762113,17.699192914338404
1852.8258390414617,0.3056042154902149,0.2304166621173499,0.03926941424165231,16.846692649034118
950.5781943040536,0.8766507618282006,0.001473822086311416,0.27199860534435605,27.13597113518826
1947.6169419775752,0.9963343376272473,0.7293447940879964,0.006379043406590679,41.812746364419624
1346.3526261354732,0.36830953050684834,0.9668454997992854,0.9783547870568566,36.97472723715041
1745.7321063855447,0.44861063095454257,0.22429348328504506,0.9657472098197475,27.647577905593376
1421.1542815788866,0.722070938202737,0.6630471918034224,0.39515529747230504,35.1546418655607
1024.5041267173694,0.8861957804650745,0.7418963269587151,0.728370854339646,40.36670226294321
2855.6692594940387,0.5930443341867842,0.8484253790905247,0.345806098410425,42.54995556577405
2338.09622364733,0.39152569817782934,0.4226291970136091,0.671093157085976,31.845131285546003
592.3168921460672,0.41262184084862374,0.30293090564042924,0.8054300430459791,19.797371571279022
2631.7103325141557,0.6956181464968069,0.3252951340230311,0.9467562446922407,40.641210173172475
1564.8073550986383,0.0032182636042786816,0.7126213330985128,0.400212275849672,21.968606580416548
2704.746235303456,0.6195893374598407,0.816779466505636,0.7832979829560477,47.267511802407235
2439.5947166524825,0.3554930104413574,0.18161396775660266,0.2659284506321188,23.29492846553769
1390.5978125138536,0.7941973312770843,0.3709410081577652,0.9903323037936483,41.66172319515905
262.9140632963287,0.09299063982313216,0.90194019674915,0.025769598764351143,13.137900950521534
952.296606277849,0.5882022669483905,0.8066935196947392,0.603528806501121,37.2835542263946
1716.5758010504273,0.48097288988612374,0.9848584027624758,0.6595059816513271,39.12163471916881
1973.7390155132123,0.6423255259052274,0.7542482596820808,0.6880455570741288,42.62855480633023
922.0855192129663,0.06485359448296835,0.39319520102792227,0.12038757878908901,13.16890625715139
590.1970074039075,0.5799837874281313,0.5906378339946378,0.9385297834731304,35.07463720228397
2537.8046630380377,0.5614845879595237,0.6610142542473203,0.1811832790500828,34.87103774948568
2956.3261059699457,0.5606600944161709,0.07845581631712395,0.6227534032398411,31.201962844972794
1671.9325104475204,0.6034876665964548,0.5444969591038651,0.22267607912308496,33.66463963649765
680.7020003752498,0.6764679372263622,0.7093208284726096,0.3072164170212709,30.417884051941062
962.4605142542331,0.8049889996807698,0.16732130400106038,0.5464585417281244,29.32960448943213
251.49389433290685,0.26982072012821434,0.7806317174255571,0.4171934185645765,25.00479764934753
2760.036658369397,0.8250494101800621,0.5837727805141116,0.1602256009765063,38.596108728736105
529.7030320923952,0.4982556822634536,0.9522217856975946,0.1709364024208483,29.797301410681964
1814.24613143991,0.07705827913433116,0.042422298206891695,0.41814478816279965,14.250389081691763
967.3546179241769,0.0585509292439792,0.26532613755546697,0.7572829782755007,17.296174809298737
1751.6984070442215,0.3342383186960608,0.6015538792998241,0.8979646468477885,33.590770997886146
2023.9770873852199,0.7848969771114676,0.2965599122059307,0.08412766225938284,28.107056561944365
2523.2770503801644,0.7076809347409158,0.7144241640712422,0.39310390755940106,39.85973139774091
777.979560929689,0.7886149646724064,0.759005282521931,0.10024556372287663,34.75187775798058
230.78832024374535,0.5172690564416094,0.10251596406647445,0.016592480632597884,14.9753693745436
583.2797641926604,0.44019899795549056,0.5138544642067677,0.6617186826439566,25.92010341495972
2720.0521971746944,0.14745252670628395,0.5088905555910559,0.6024494419665878,30.693411190556652
2646.892217175043,0.32819275360931155,0.36928077021554107,0.1630191138148862,26.37923383817051
1872.7566860768632,0.43401936617387527,0.9329248625696721,0.2338128330930641,37.08933879499351
1881.4472092142294,0.08860042967961723,0.8275063198732212,0.02370775364451838,23.428211818618667
2062.1026887295156,0.22061195271121126,0.6972093819096368,0.8349472056944037,33.994049467730086
691.0395801456589,0.5982252940637388,0.7143266357349976,0.9746905960485515,38.17356956679768
2760.353448589887,0.7356631142391898,0.4617161438131191,0.1354595367946908,35.24062408318511
1372.5574696978047,0.9983475113929496,0.9209945210965759,0.23147521376529812,46.07698589944342
1272.7878790985928,0.9331133313435577,0.6945954272532854,0.868409523946934,41.06830985114599
1652.9695747919452,0.6425651995351915,0.7289810616558164,0.9264637979561848,44.57479003128825
331.50470697015413,0.421248053294072,0.8616909037873453,0.41962738280681033,26.458770817706547
665.5934325170224,0.6361773647082327,0.274071589342191,0.050622472269074126,20.183415523922807
2266.4941259938373,0.785651618080232,0.807070903866703,0.0393918336928194,35.76546454413668
431.83627019035407,0.11833619092338732,0.19524060295649204,0.5739498660690104,12.284423439701616
1888.825906505887,0.40990488969628824,0.34534195224488784,0.392895108893179,24.67169463700654
886.9775071076987,0.8398022856356172,0.3356104542698427,0.028652427577654516,25.33632164732808
1290.0277193175343,0.383832951933044,0.9785254683891406,0.5832523923125568,34.36258165263346
1008.3424629579597,0.5718722712271865,0.8565372237479268,0.011302536589022472,31.355824690388467
1195.8836061018576,0.5877693608621982,0.7011698615902597,0.787371958149273,36.541279455901126
2213.3285345158874,0.18447625313363936,0.7270567616153901,0.3064328227033716,29.34170069331902
1031.9408037448902,0.3622354416522884,0.5620727944025711,0.0402580030092321,19.047046020209983
1785.932992831312,0.33451128874193214,0.9470906671085191,0.5883522209831533,33.94826477624906
1532.9411261574792,0.026196708532064794,0.49625875288236154,0.3976844144330547,23.206815275697288
2058.2792630154145,0.024191763891355245,0.3805177098698945,0.9738004133571495,24.7505993049976
2823.123270109322,0.8316970436757735,0.163035336931591,0.5441986625037022,41.94949040718756
2251.2018721887007,0.2730708099728124,0.786205652261058,0.2752391810370083,30.776779756923972
801.833060054119,0.5180787662388154,0.7344439320755914,0.7094388646339748,32.48636412480753
287.3127781715971,0.29872557358877305,0.3843550385241349,0.27149200254271133,18.03205128638244
934.3393240395102,0.9406792451153405,0.02519341395922936,0.9042432914075651,35.449400489845765
1866.2182059607135,0.25929675886577375,0.8389973277180107,0.37472197050737643,30.627580707404793
343.992277755901,0.4296568127389351,0.011417983454073632,0.5498685627762052,15.206566916088288
1589.8254921634618,0.8727302504846018,0.703699779629051,0.05057310382422886,36.35311930614298
1871.1599769672898,0.8419335667918086,0.970257109726057,0.4261212379522308,45.68545530255002
1135.8828942874902,0.18610141784627732,0.43766132814820347,0.832363539660995,26.07260552093551
2358.554170488301,0.8026433097957104,0.23497340499595276,0.8056488053633419,39.43518589491673
498.475108774561,0.45818688673789265,0.7048710100433817,0.22431855885352625,25.710136613862954
410.38578886026454,0.4829688720853552,0.8171281420155851,0.22607907101056268,29.505738690889714
2238.928517370089,0.13347997241594378,0.5464303160778473,0.8173053122132368,30.996369122998967
1587.3756853773557,0.08060151375712465,0.9670352752561462,0.9303984201693255,33.98172774457427
2127.526709997661,0.7279393069737652,0.0516687216579611,0.09536092127300355,23.88723807688293
1417.5165480904893,0.49646115235529975,0.5047955983045281,0.45005863942622526,23.827865882730492
889.9256930694991,0.43685070261517955,0.7184539473225501,0.33745427896422897,28.114745975591966
2493.486489487759,0.7295082286523967,0.862640471149179,0.8706884554574393,48.514440179737065
2438.3644611131417,0.7655128989911097,0.17925561190779005,0.08352491468001877,29.99659826097546
2145.1501183923947,0.15890816766935356,0.8000034817636814,0.2111259425580374,28.50228600575733
962.0063842438956,0.6102251494776413,0.5527070757185453,0.7524683375864943,32.70901696402161
1852.6458672334438,0.13535408227768553,0.3965536819899632,0.051293848981215584,20.687115202650332
1210.726911432075,0.7513750860290457,0.13171502857909356,0.49253538071428926,28.154437250088534
456.4298053145756,0.6569551562671395,0.8652957589089124,0.44210703467972,31.327912312206223
2768.47801129428,0.956614621083458,0.15727320817971535,0.33440117898874866,40.65812486864236
583.092166573092,0.06895801635642118,0.30978785920909924,0.3945723153189238,12.452900051427205
2860.6645906982467,0.05705472115125432,0.2900455319624369,0.5299405869302329,26.147579592599815
1448.816164282276,0.28218707469320015,0.8714140341908543,0.16136735838838312,26.617884999636427
